Workbook

Sheet Training
A1: resultsPro/1_1 | B1: resultsPro/1_1 | C1: resultsPro/1_1 | D1: resultsPro/1_1 | E1: resultsPro/1_1 | F1: resultsPro/2_1 | G1: resultsPro/2_1 | H1: resultsPro/2_1 | I1: resultsPro/2_1 | J1: resultsPro/2_1 | K1: resultsPro/3_1 | L1: resultsPro/3_1 | M1: resultsPro/3_1 | N1: resultsPro/3_1 | O1: resultsPro/3_1 | P1: resultsPro/4_1 | Q1: resultsPro/4_1 | R1: resultsPro/4_1 | S1: resultsPro/4_1 | T1: resultsPro/4_1 | U1: resultsPro/5_1 | V1: resultsPro/5_1 | W1: resultsPro/5_1 | X1: resultsPro/5_1 | Y1: resultsPro/5_1 | Z1: resultsPro/6_1 | AA1: resultsPro/6_1 | AB1: resultsPro/6_1 | AC1: resultsPro/6_1 | AD1: resultsPro/6_1 | AE1: resultsPro/7_1 | AF1: resultsPro/7_1 | AG1: resultsPro/7_1 | AH1: resultsPro/7_1 | AI1: resultsPro/7_1 | AJ1: resultsPro/8_1 | AK1: resultsPro/8_1 | AL1: resultsPro/8_1 | AM1: resultsPro/8_1 | AN1: resultsPro/8_1 | AO1: resultsPro/9_1 | AP1: resultsPro/9_1 | AQ1: resultsPro/9_1 | AR1: resultsPro/9_1 | AS1: resultsPro/9_1 | AT1: resultsPro/10_1 | AU1: resultsPro/10_1 | AV1: resultsPro/10_1 | AW1: resultsPro/10_1 | AX1: resultsPro/10_1 | AY1: resultsPro/11_1 | AZ1: resultsPro/11_1 | BA1: resultsPro/11_1 | BB1: resultsPro/11_1 | BC1: resultsPro/11_1 | BD1: resultsPro/12_1 | BE1: resultsPro/12_1 | BF1: resultsPro/12_1 | BG1: resultsPro/12_1 | BH1: resultsPro/12_1 | BI1: resultsPro/13_1 | BJ1: resultsPro/13_1 | BK1: resultsPro/13_1 | BL1: resultsPro/13_1 | BM1: resultsPro/13_1 | BN1: resultsPro/14_1 | BO1: resultsPro/14_1 | BP1: resultsPro/14_1 | BQ1: resultsPro/14_1 | BR1: resultsPro/14_1 | BS1: resultsPro/15_1 | BT1: resultsPro/15_1 | BU1: resultsPro/15_1 | BV1: resultsPro/15_1 | BW1: resultsPro/15_1 | BX1: resultsPro/16_1 | BY1: resultsPro/16_1 | BZ1: resultsPro/16_1 | CA1: resultsPro/16_1 | CB1: resultsPro/16_1 | CC1: resultsPro/17_1 | CD1: resultsPro/17_1 | CE1: resultsPro/17_1 | CF1: resultsPro/17_1 | CG1: resultsPro/17_1 | CH1: resultsPro/18_1 | CI1: resultsPro/18_1 | CJ1: resultsPro/18_1 | CK1: resultsPro/18_1 | CL1: resultsPro/18_1 | CM1: resultsPro/19_1 | CN1: resultsPro/19_1 | CO1: resultsPro/19_1 | CP1: resultsPro/19_1 | CQ1: resultsPro/19_1
A2: 96.428571 | B2: 97.647059 | C2: 97.647059 | D2: 98.823529 | E2: 96.470588 | F2: 95.238095 | G2: 98.823529 | H2: 96.470588 | I2: 95.294118 | J2: 96.470588 | K2: 95.238095 | L2: 95.294118 | M2: 100 | N2: 95.294118 | O2: 96.470588 | P2: 95.238095 | Q2: 96.470588 | R2: 96.470588 | S2: 95.294118 | T2: 96.470588 | U2: 95.238095 | V2: 95.294118 | W2: 96.470588 | X2: 98.823529 | Y2: 96.470588 | Z2: 95.238095 | AA2: 96.470588 | AB2: 97.647059 | AC2: 96.470588 | AD2: 96.470588 | AE2: 95.238095 | AF2: 98.823529 | AG2: 95.294118 | AH2: 95.294118 | AI2: 96.470588 | AJ2: 95.238095 | AK2: 96.470588 | AL2: 96.470588 | AM2: 95.294118 | AN2: 96.470588 | AO2: 95.238095 | AP2: 96.470588 | AQ2: 96.470588 | AR2: 98.823529 | AS2: 95.294118 | AT2: 95.238095 | AU2: 95.294118 | AV2: 94.117647 | AW2: 95.294118 | AX2: 95.294118 | AY2: 95.238095 | AZ2: 97.647059 | BA2: 95.294118 | BB2: 95.294118 | BC2: 96.470588 | BD2: 96.428571 | BE2: 96.470588 | BF2: 96.470588 | BG2: 94.117647 | BH2: 95.294118 | BI2: 95.238095 | BJ2: 98.823529 | BK2: 97.647059 | BL2: 95.294118 | BM2: 95.294118 | BN2: 96.428571 | BO2: 96.470588 | BP2: 97.647059 | BQ2: 96.470588 | BR2: 96.470588 | BS2: 96.428571 | BT2: 96.470588 | BU2: 96.470588 | BV2: 95.294118 | BW2: 96.470588 | BX2: 95.238095 | BY2: 98.823529 | BZ2: 95.294118 | CA2: 95.294118 | CB2: 95.294118 | CC2: 95.238095 | CD2: 96.470588 | CE2: 95.294118 | CF2: 95.294118 | CG2: 96.470588 | CH2: 95.238095 | CI2: 95.294118 | CJ2: 94.117647 | CK2: 95.294118 | CL2: 95.294118 | CM2: 95.238095 | CN2: 97.647059 | CO2: 96.470588 | CP2: 95.294118 | CQ2: 96.470588
A3: 86.4 | B3: 82.6 | C3: 86.8 | D3: 86.4 | E3: 86.4 | F3: 87 | G3: 87 | H3: 84.6 | I3: 86.2 | J3: 87 | K3: 86.4 | L3: 86.6 | M3: 85.8 | N3: 86.4 | O3: 86.2 | P3: 86.2 | Q3: 86.4 | R3: 85 | S3: 85 | T3: 84.2 | U3: 87.2 | V3: 86 | W3: 86.4 | X3: 87 | Y3: 86 | Z3: 92.2 | AA3: 92.2 | AB3: 92 | AC3: 91.8 | AD3: 92.2 | AE3: 91.8 | AF3: 91.4 | AG3: 91.4 | AH3: 91.8 | AI3: 92 | AJ3: 85.4 | AK3: 86.2 | AL3: 88 | AM3: 85.8 | AN3: 85.2 | AO3: 85.2 | AP3: 85.4 | AQ3: 84.8 | AR3: 87.6 | AS3: 86 | AT3: 91.4 | AU3: 91.2 | AV3: 91.2 | AW3: 91.4 | AX3: 90.8 | AY3: 92.2 | AZ3: 92.2 | BA3: 91.6 | BB3: 92 | BC3: 92.2 | BD3: 85.6 | BE3: 86 | BF3: 84 | BG3: 86.8 | BH3: 84.6 | BI3: 91.8 | BJ3: 92.2 | BK3: 91.6 | BL3: 92.2 | BM3: 92 | BN3: 87.2 | BO3: 86.4 | BP3: 86 | BQ3: 86.8 | BR3: 87 | BS3: 84.8 | BT3: 83.2 | BU3: 85.6 | BV3: 85.6 | BW3: 86.4 | BX3: 91.6 | BY3: 91.6 | BZ3: 91.6 | CA3: 91.6 | CB3: 92 | CC3: 92.2 | CD3: 92.2 | CE3: 92 | CF3: 92 | CG3: 92 | CH3: 91.4 | CI3: 91.2 | CJ3: 91.2 | CK3: 91.4 | CL3: 90.8 | CM3: 92.2 | CN3: 92.2 | CO3: 92 | CP3: 92.2 | CQ3: 92.2
A4: 87.688679 | B4: 86.627358 | C4: 86.34434 | D4: 84.316038 | E4: 84.834906 | F4: 87.688679 | G4: 88.066038 | H4: 86.34434 | I4: 86.792453 | J4: 87.146226 | K4: 84.033019 | L4: 85.117925 | M4: 85.141509 | N4: 84.103774 | O4: 85.424528 | P4: 85.542453 | Q4: 88.089623 | R4: 86.226415 | S4: 84.386792 | T4: 84.834906 | U4: 87.665094 | V4: 85.283019 | W4: 85.943396 | X4: 86.273585 | Y4: 87.075472 | Z4: 84.504717 | AA4: 86.273585 | AB4: 82.712264 | AC4: 84.103774 | AD4: 86.320755 | AE4: 87.688679 | AF4: 86.320755 | AG4: 86.25 | AH4: 84.127358 | AI4: 86.014151 | AJ4: 86.981132 | AK4: 88.066038 | AL4: 86.037736 | AM4: 87.877358 | AN4: 84.834906 | AO4: 85.589623 | AP4: 87.099057 | AQ4: 85.495283 | AR4: 85.259434 | AS4: 84.433962 | AT4: 86.273585 | AU4: 86.415094 | AV4: 86.462264 | AW4: 83.443396 | AX4: 85.353774 | AY4: 85.849057 | AZ4: 85.919811 | BA4: 83.419811 | BB4: 83.419811 | BC4: 86.816038 | BD4: 86.816038 | BE4: 85.09434 | BF4: 84.693396 | BG4: 85.283019 | BH4: 87.429245 | BI4: 84.976415 | BJ4: 83.820755 | BK4: 84.056604 | BL4: 83.962264 | BM4: 87.287736 | BN4: 87.051887 | BO4: 86.933962 | BP4: 86.320755 | BQ4: 86.650943 | BR4: 85.400943 | BS4: 85.141509 | BT4: 85.518868 | BU4: 83.867925 | BV4: 84.575472 | BW4: 85.825472 | BX4: 85.778302 | BY4: 83.679245 | BZ4: 85.283019 | CA4: 86.533019 | CB4: 85.919811 | CC4: 84.95283 | CD4: 87.523585 | CE4: 87.59434 | CF4: 84.882075 | CG4: 86.509434 | CH4: 86.273585 | CI4: 86.415094 | CJ4: 86.462264 | CK4: 83.443396 | CL4: 85.353774 | CM4: 85.495283 | CN4: 85.613208 | CO4: 84.882075 | CP4: 85.212264 | CQ4: 87.216981
A5: 90 | B5: 88.054608 | C5: 87.972509 | D5: 91.496599 | E5: 86.643836 | F5: 89.655172 | G5: 87.372014 | H5: 85.56701 | I5: 88.435374 | J5: 85.616438 | K5: 90 | L5: 88.054608 | M5: 88.316151 | N5: 85.034014 | O5: 86.643836 | P5: 87.931034 | Q5: 88.737201 | R5: 87.628866 | S5: 88.77551 | T5: 88.356164 | U5: 89.310345 | V5: 87.372014 | W5: 86.941581 | X5: 88.435374 | Y5: 87.328767 | Z5: 90 | AA5: 86.348123 | AB5: 85.56701 | AC5: 87.07483 | AD5: 89.726027 | AE5: 90.344828 | AF5: 90.102389 | AG5: 88.659794 | AH5: 90.816327 | AI5: 90.068493 | AJ5: 88.965517 | AK5: 87.372014 | AL5: 87.285223 | AM5: 89.795918 | AN5: 88.013699 | AO5: 88.275862 | AP5: 88.054608 | AQ5: 87.285223 | AR5: 86.734694 | AS5: 86.30137 | AT5: 91.034483 | AU5: 87.372014 | AV5: 89.690722 | AW5: 89.455782 | AX5: 89.041096 | AY5: 90 | AZ5: 87.713311 | BA5: 90.378007 | BB5: 89.115646 | BC5: 88.69863 | BD5: 88.62069 | BE5: 88.737201 | BF5: 89.690722 | BG5: 84.693878 | BH5: 89.041096 | BI5: 90.344828 | BJ5: 88.737201 | BK5: 90.034364 | BL5: 89.115646 | BM5: 89.383562 | BN5: 90.689655 | BO5: 89.078498 | BP5: 86.941581 | BQ5: 87.414966 | BR5: 88.013699 | BS5: 89.310345 | BT5: 86.68942 | BU5: 86.941581 | BV5: 86.734694 | BW5: 86.986301 | BX5: 90 | BY5: 88.395904 | BZ5: 90.378007 | CA5: 90.47619 | CB5: 88.69863 | CC5: 91.034483 | CD5: 88.737201 | CE5: 90.378007 | CF5: 89.115646 | CG5: 88.69863 | CH5: 91.034483 | CI5: 87.372014 | CJ5: 89.690722 | CK5: 89.455782 | CL5: 89.041096 | CM5: 91.724138 | CN5: 89.078498 | CO5: 90.378007 | CP5: 89.455782 | CQ5: 89.726027
A6: 78.985507 | B6: 81.884058 | C6: 80.072464 | D6: 80.072464 | E6: 79.347826 | F6: 77.898551 | G6: 80.072464 | H6: 77.898551 | I6: 78.26087 | J6: 80.434783 | K6: 78.26087 | L6: 79.710145 | M6: 78.985507 | N6: 79.710145 | O6: 78.623188 | P6: 76.449275 | Q6: 81.15942 | R6: 79.710145 | S6: 81.521739 | T6: 80.072464 | U6: 78.26087 | V6: 81.884058 | W6: 79.710145 | X6: 80.072464 | Y6: 81.521739 | Z6: 77.173913 | AA6: 79.710145 | AB6: 79.347826 | AC6: 76.449275 | AD6: 77.536232 | AE6: 80.797101 | AF6: 81.521739 | AG6: 80.072464 | AH6: 78.623188 | AI6: 78.26087 | AJ6: 77.898551 | AK6: 83.333333 | AL6: 81.884058 | AM6: 80.797101 | AN6: 82.246377 | AO6: 78.985507 | AP6: 81.884058 | AQ6: 78.623188 | AR6: 80.434783 | AS6: 82.971014 | AT6: 77.173913 | AU6: 80.072464 | AV6: 76.086957 | AW6: 78.985507 | AX6: 78.985507 | AY6: 81.15942 | AZ6: 85.507246 | BA6: 77.898551 | BB6: 79.710145 | BC6: 80.797101 | BD6: 79.347826 | BE6: 80.072464 | BF6: 79.710145 | BG6: 78.26087 | BH6: 81.15942 | BI6: 81.15942 | BJ6: 83.333333 | BK6: 80.434783 | BL6: 79.710145 | BM6: 80.797101 | BN6: 77.898551 | BO6: 82.971014 | BP6: 79.710145 | BQ6: 80.797101 | BR6: 80.797101 | BS6: 75.724638 | BT6: 80.434783 | BU6: 79.347826 | BV6: 79.710145 | BW6: 79.710145 | BX6: 81.521739 | BY6: 84.782609 | BZ6: 81.521739 | CA6: 79.347826 | CB6: 80.434783 | CC6: 80.797101 | CD6: 84.782609 | CE6: 82.246377 | CF6: 79.710145 | CG6: 80.434783 | CH6: 77.173913 | CI6: 80.072464 | CJ6: 76.086957 | CK6: 78.985507 | CL6: 78.985507 | CM6: 82.608696 | CN6: 81.15942 | CO6: 82.246377 | CP6: 78.985507 | CQ6: 80.072464
A7: 89.029536 | B7: 91.139241 | C7: 90.336134 | D7: 89.915966 | E7: 91.176471 | F7: 87.341772 | G7: 90.7173 | H7: 89.07563 | I7: 90.336134 | J7: 89.495798 | K7: 86.919831 | L7: 90.295359 | M7: 89.915966 | N7: 90.336134 | O7: 89.07563 | P7: 89.029536 | Q7: 90.295359 | R7: 90.756303 | S7: 89.915966 | T7: 88.235294 | U7: 86.075949 | V7: 90.7173 | W7: 90.756303 | X7: 89.495798 | Y7: 87.394958 | Z7: 89.029536 | AA7: 88.185654 | AB7: 89.915966 | AC7: 87.394958 | AD7: 87.815126 | AE7: 89.873418 | AF7: 90.7173 | AG7: 89.07563 | AH7: 92.016807 | AI7: 89.07563 | AJ7: 89.029536 | AK7: 90.7173 | AL7: 89.495798 | AM7: 91.176471 | AN7: 90.336134 | AO7: 88.185654 | AP7: 91.139241 | AQ7: 90.336134 | AR7: 90.336134 | AS7: 86.134454 | AT7: 89.873418 | AU7: 89.029536 | AV7: 90.336134 | AW7: 90.756303 | AX7: 89.495798 | AY7: 88.607595 | AZ7: 90.295359 | BA7: 89.495798 | BB7: 92.857143 | BC7: 89.07563 | BD7: 86.49789 | BE7: 91.139241 | BF7: 89.495798 | BG7: 89.07563 | BH7: 89.495798 | BI7: 89.873418 | BJ7: 91.139241 | BK7: 89.915966 | BL7: 90.756303 | BM7: 89.915966 | BN7: 89.451477 | BO7: 90.7173 | BP7: 90.336134 | BQ7: 92.016807 | BR7: 88.235294 | BS7: 88.607595 | BT7: 91.561181 | BU7: 89.915966 | BV7: 90.756303 | BW7: 87.815126 | BX7: 88.607595 | BY7: 89.451477 | BZ7: 90.336134 | CA7: 91.596639 | CB7: 88.655462 | CC7: 87.763713 | CD7: 89.873418 | CE7: 88.655462 | CF7: 92.016807 | CG7: 89.07563 | CH7: 89.873418 | CI7: 89.029536 | CJ7: 90.336134 | CK7: 90.756303 | CL7: 89.495798 | CM7: 88.607595 | CN7: 90.7173 | CO7: 89.915966 | CP7: 91.176471 | CQ7: 89.915966
A8: 60.441426 | B8: 59.762309 | C8: 61.544992 | D8: 60.729432 | E8: 60.050891 | F8: 59.847199 | G8: 60.356537 | H8: 60.441426 | I8: 59.796438 | J8: 60.899067 | K8: 58.149406 | L8: 60.101868 | M8: 59.083192 | N8: 59.287532 | O8: 58.608991 | P8: 58.743633 | Q8: 60.016978 | R8: 59.252971 | S8: 60.220526 | T8: 58.26972 | U8: 59.932088 | V8: 60.611205 | W8: 61.205433 | X8: 59.372349 | Y8: 60.390161 | Z8: 61.205433 | AA8: 62.478778 | AB8: 62.478778 | AC8: 62.256149 | AD8: 62.59542 | AE8: 62.139219 | AF8: 62.139219 | AG8: 62.563667 | AH8: 61.662426 | AI8: 62.086514 | AJ8: 60.696095 | AK8: 60.950764 | AL8: 59.337861 | AM8: 58.948261 | AN8: 59.372349 | AO8: 59.932088 | AP8: 60.101868 | AQ8: 60.441426 | AR8: 58.693808 | AS8: 58.778626 | AT8: 61.205433 | AU8: 60.780985 | AV8: 60.441426 | AW8: 61.662426 | AX8: 61.916879 | AY8: 62.988115 | AZ8: 62.224109 | BA8: 62.478778 | BB8: 61.832061 | BC8: 62.001696 | BD8: 58.573854 | BE8: 59.337861 | BF8: 60.356537 | BG8: 59.202714 | BH8: 59.966073 | BI8: 62.478778 | BJ8: 62.903226 | BK8: 62.648557 | BL8: 63.189143 | BM8: 62.086514 | BN8: 60.611205 | BO8: 60.865874 | BP8: 60.696095 | BQ8: 60.644614 | BR8: 60.474979 | BS8: 59.847199 | BT8: 59.847199 | BU8: 60.526316 | BV8: 59.372349 | BW8: 57.167091 | BX8: 62.308998 | BY8: 60.356537 | BZ8: 62.054329 | CA8: 62.171332 | CB8: 62.171332 | CC8: 63.073005 | CD8: 63.327674 | CE8: 62.648557 | CF8: 63.443596 | CG8: 63.613232 | CH8: 61.205433 | CI8: 60.780985 | CJ8: 60.441426 | CK8: 61.662426 | CL8: 61.916879 | CM8: 63.752122 | CN8: 63.752122 | CO8: 62.818336 | CP8: 63.528414 | CQ8: 62.171332
A9: 88.80597 | B9: 90.334572 | C9: 90.334572 | D9: 86.988848 | E9: 91.821561 | F9: 90.671642 | G9: 90.70632 | H9: 90.70632 | I9: 90.334572 | J9: 89.591078 | K9: 89.925373 | L9: 91.078067 | M9: 91.078067 | N9: 89.219331 | O9: 91.821561 | P9: 90.298507 | Q9: 90.334572 | R9: 90.334572 | S9: 88.847584 | T9: 91.449814 | U9: 88.432836 | V9: 90.334572 | W9: 90.334572 | X9: 88.475836 | Y9: 91.449814 | Z9: 92.537313 | AA9: 91.078067 | AB9: 92.193309 | AC9: 88.847584 | AD9: 91.821561 | AE9: 91.41791 | AF9: 90.334572 | AG9: 91.821561 | AH9: 90.70632 | AI9: 92.193309 | AJ9: 89.925373 | AK9: 89.591078 | AL9: 91.078067 | AM9: 88.104089 | AN9: 90.70632 | AO9: 88.80597 | AP9: 89.962825 | AQ9: 90.334572 | AR9: 89.591078 | AS9: 89.591078 | AT9: 91.41791 | AU9: 91.449814 | AV9: 91.449814 | AW9: 89.591078 | AX9: 93.30855 | AY9: 90.671642 | AZ9: 89.591078 | BA9: 90.334572 | BB9: 86.245353 | BC9: 91.449814 | BD9: 90.671642 | BE9: 89.962825 | BF9: 90.334572 | BG9: 88.475836 | BH9: 90.334572 | BI9: 90.671642 | BJ9: 89.962825 | BK9: 90.334572 | BL9: 89.591078 | BM9: 90.334572 | BN9: 90.298507 | BO9: 89.219331 | BP9: 89.962825 | BQ9: 88.847584 | BR9: 92.193309 | BS9: 89.552239 | BT9: 89.219331 | BU9: 89.219331 | BV9: 88.104089 | BW9: 90.334572 | BX9: 89.552239 | BY9: 90.334572 | BZ9: 91.078067 | CA9: 90.334572 | CB9: 92.565056 | CC9: 91.41791 | CD9: 89.962825 | CE9: 90.334572 | CF9: 88.104089 | CG9: 91.078067 | CH9: 91.41791 | CI9: 91.449814 | CJ9: 91.449814 | CK9: 89.591078 | CL9: 93.30855 | CM9: 91.791045 | CN9: 89.962825 | CO9: 90.70632 | CP9: 89.962825 | CQ9: 92.565056
A10: 81.28655 | B10: 86.549708 | C10: 85.380117 | D10: 80.701754 | E10: 83.139535 | F10: 84.210526 | G10: 87.134503 | H10: 87.719298 | I10: 80.116959 | J10: 83.139535 | K10: 84.795322 | L10: 84.795322 | M10: 86.549708 | N10: 84.210526 | O10: 83.72093 | P10: 83.625731 | Q10: 85.380117 | R10: 84.795322 | S10: 81.871345 | T10: 84.302326 | U10: 81.871345 | V10: 85.964912 | W10: 84.795322 | X10: 85.380117 | Y10: 83.72093 | Z10: 82.45614 | AA10: 84.210526 | AB10: 87.719298 | AC10: 80.701754 | AD10: 80.232558 | AE10: 84.795322 | AF10: 86.549708 | AG10: 85.964912 | AH10: 81.28655 | AI10: 84.302326 | AJ10: 81.28655 | AK10: 87.134503 | AL10: 85.380117 | AM10: 81.871345 | AN10: 81.976744 | AO10: 81.28655 | AP10: 84.210526 | AQ10: 85.380117 | AR10: 80.701754 | AS10: 82.55814 | AT10: 82.45614 | AU10: 85.964912 | AV10: 83.625731 | AW10: 81.871345 | AX10: 83.72093 | AY10: 82.45614 | AZ10: 84.210526 | BA10: 85.380117 | BB10: 81.28655 | BC10: 84.883721 | BD10: 82.45614 | BE10: 83.040936 | BF10: 87.134503 | BG10: 81.871345 | BH10: 81.976744 | BI10: 82.45614 | BJ10: 83.625731 | BK10: 88.304094 | BL10: 82.45614 | BM10: 83.139535 | BN10: 81.28655 | BO10: 85.964912 | BP10: 87.134503 | BQ10: 83.625731 | BR10: 83.139535 | BS10: 81.871345 | BT10: 84.795322 | BU10: 85.964912 | BV10: 81.28655 | BW10: 81.976744 | BX10: 82.45614 | BY10: 84.210526 | BZ10: 83.625731 | CA10: 81.28655 | CB10: 84.302326 | CC10: 83.625731 | CD10: 85.964912 | CE10: 85.964912 | CF10: 81.28655 | CG10: 83.139535 | CH10: 82.45614 | CI10: 85.964912 | CJ10: 83.625731 | CK10: 81.871345 | CL10: 83.72093 | CM10: 83.040936 | CN10: 85.380117 | CO10: 85.964912 | CP10: 81.28655 | CQ10: 84.302326
A11: 83.196721 | B11: 82.857143 | C11: 82.857143 | D11: 84.897959 | E11: 83.265306 | F11: 83.196721 | G11: 84.081633 | H11: 84.897959 | I11: 84.081633 | J11: 82.857143 | K11: 82.786885 | L11: 82.44898 | M11: 84.081633 | N11: 84.897959 | O11: 83.673469 | P11: 82.377049 | Q11: 83.265306 | R11: 83.673469 | S11: 84.897959 | T11: 83.673469 | U11: 82.786885 | V11: 82.44898 | W11: 84.081633 | X11: 83.673469 | Y11: 83.265306 | Z11: 81.557377 | AA11: 83.673469 | AB11: 81.632653 | AC11: 82.44898 | AD11: 84.081633 | AE11: 81.967213 | AF11: 83.673469 | AG11: 82.44898 | AH11: 82.857143 | AI11: 82.44898 | AJ11: 84.42623 | AK11: 84.897959 | AL11: 84.489796 | AM11: 83.265306 | AN11: 84.081633 | AO11: 83.196721 | AP11: 84.489796 | AQ11: 82.44898 | AR11: 82.857143 | AS11: 85.306122 | AT11: 80.327869 | AU11: 83.265306 | AV11: 82.040816 | AW11: 82.857143 | AX11: 82.857143 | AY11: 81.967213 | AZ11: 82.44898 | BA11: 82.857143 | BB11: 84.081633 | BC11: 82.040816 | BD11: 82.786885 | BE11: 82.857143 | BF11: 83.673469 | BG11: 84.489796 | BH11: 83.265306 | BI11: 82.377049 | BJ11: 81.632653 | BK11: 82.44898 | BL11: 81.632653 | BM11: 83.265306 | BN11: 84.42623 | BO11: 83.265306 | BP11: 84.489796 | BQ11: 84.081633 | BR11: 82.44898 | BS11: 81.557377 | BT11: 84.081633 | BU11: 82.44898 | BV11: 84.897959 | BW11: 82.857143 | BX11: 82.786885 | BY11: 84.081633 | BZ11: 82.857143 | CA11: 82.44898 | CB11: 83.265306 | CC11: 81.557377 | CD11: 82.040816 | CE11: 82.44898 | CF11: 83.265306 | CG11: 82.857143 | CH11: 80.327869 | CI11: 83.265306 | CJ11: 82.040816 | CK11: 82.857143 | CL11: 82.857143 | CM11: 81.557377 | CN11: 82.857143 | CO11: 82.857143 | CP11: 82.44898 | CQ11: 82.857143
A12: 89.52381 | B12: 91.428571 | C12: 91.509434 | D12: 91.509434 | E12: 91.509434 | F12: 89.52381 | G12: 91.428571 | H12: 91.509434 | I12: 91.509434 | J12: 91.509434 | K12: 89.52381 | L12: 91.428571 | M12: 91.509434 | N12: 91.509434 | O12: 91.509434 | P12: 89.52381 | Q12: 91.428571 | R12: 91.509434 | S12: 91.509434 | T12: 91.509434 | U12: 89.52381 | V12: 91.428571 | W12: 91.509434 | X12: 91.509434 | Y12: 91.509434 | Z12: 89.52381 | AA12: 91.428571 | AB12: 91.509434 | AC12: 91.509434 | AD12: 92.45283 | AE12: 89.52381 | AF12: 91.428571 | AG12: 91.509434 | AH12: 91.509434 | AI12: 91.509434 | AJ12: 89.52381 | AK12: 91.428571 | AL12: 91.509434 | AM12: 91.509434 | AN12: 91.509434 | AO12: 89.52381 | AP12: 91.428571 | AQ12: 91.509434 | AR12: 91.509434 | AS12: 91.509434 | AT12: 89.52381 | AU12: 91.428571 | AV12: 91.509434 | AW12: 91.509434 | AX12: 91.509434 | AY12: 89.52381 | AZ12: 91.428571 | BA12: 91.509434 | BB12: 91.509434 | BC12: 91.509434 | BD12: 89.52381 | BE12: 91.428571 | BF12: 91.509434 | BG12: 91.509434 | BH12: 91.509434 | BI12: 89.52381 | BJ12: 91.428571 | BK12: 91.509434 | BL12: 91.509434 | BM12: 91.509434 | BN12: 89.52381 | BO12: 91.428571 | BP12: 91.509434 | BQ12: 91.509434 | BR12: 91.509434 | BS12: 89.52381 | BT12: 91.428571 | BU12: 91.509434 | BV12: 91.509434 | BW12: 91.509434 | BX12: 89.52381 | BY12: 91.428571 | BZ12: 91.509434 | CA12: 91.509434 | CB12: 91.509434 | CC12: 89.52381 | CD12: 91.428571 | CE12: 91.509434 | CF12: 91.509434 | CG12: 91.509434 | CH12: 89.52381 | CI12: 91.428571 | CJ12: 91.509434 | CK12: 91.509434 | CL12: 91.509434 | CM12: 89.52381 | CN12: 91.428571 | CO12: 91.509434 | CP12: 91.509434 | CQ12: 91.509434
A13: 99.285714 | B13: 99.644128 | C13: 99.644128 | D13: 99.288256 | E13: 99.288256 | F13: 99.285714 | G13: 98.932384 | H13: 99.288256 | I13: 98.932384 | J13: 98.576512 | K13: 99.285714 | L13: 99.288256 | M13: 99.288256 | N13: 98.932384 | O13: 99.288256 | P13: 99.285714 | Q13: 99.644128 | R13: 100 | S13: 98.932384 | T13: 98.932384 | U13: 98.571429 | V13: 99.644128 | W13: 99.288256 | X13: 98.932384 | Y13: 98.932384 | Z13: 99.285714 | AA13: 98.576512 | AB13: 98.932384 | AC13: 98.576512 | AD13: 98.576512 | AE13: 99.285714 | AF13: 99.288256 | AG13: 100 | AH13: 99.288256 | AI13: 98.932384 | AJ13: 98.571429 | AK13: 99.644128 | AL13: 98.932384 | AM13: 98.220641 | AN13: 98.220641 | AO13: 98.571429 | AP13: 99.288256 | AQ13: 98.576512 | AR13: 98.932384 | AS13: 98.220641 | AT13: 99.285714 | AU13: 98.932384 | AV13: 98.576512 | AW13: 98.576512 | AX13: 98.932384 | AY13: 99.285714 | AZ13: 99.288256 | BA13: 99.644128 | BB13: 99.288256 | BC13: 98.576512 | BD13: 98.928571 | BE13: 99.644128 | BF13: 98.576512 | BG13: 98.576512 | BH13: 98.576512 | BI13: 99.285714 | BJ13: 99.644128 | BK13: 100 | BL13: 99.644128 | BM13: 98.932384 | BN13: 99.285714 | BO13: 99.644128 | BP13: 99.288256 | BQ13: 99.644128 | BR13: 98.932384 | BS13: 98.571429 | BT13: 98.576512 | BU13: 98.576512 | BV13: 98.932384 | BW13: 98.576512 | BX13: 99.285714 | BY13: 99.644128 | BZ13: 100 | CA13: 99.288256 | CB13: 98.932384 | CC13: 99.285714 | CD13: 99.644128 | CE13: 100 | CF13: 99.288256 | CG13: 98.932384 | CH13: 99.285714 | CI13: 98.932384 | CJ13: 98.576512 | CK13: 98.576512 | CL13: 98.932384 | CM13: 98.928571 | CN13: 99.644128 | CO13: 100 | CP13: 99.644128 | CQ13: 98.576512
... A34: 62.005055 | B34: 63.689975 | C34: 62.847515 | D34: 62.931761 | E34: 62.037037 | F34: 61.162595 | G34: 63.100253 | H34: 64.026959 | I34: 64.026959 | J34: 62.457912 | K34: 61.078349 | L34: 63.437237 | M34: 63.605729 | N34: 63.774221 | O34: 60.26936 | P34: 61.583825 | Q34: 63.437237 | R34: 63.437237 | S34: 63.942713 | T34: 60.942761 | U34: 60.488627 | V34: 63.689975 | W34: 63.016007 | X34: 63.016007 | Y34: 59.511785 | Z34: 62.594777 | AA34: 64.111205 | AB34: 63.942713 | AC34: 63.016007 | AD34: 62.289562 | AE34: 61.752317 | AF34: 65.206403 | AG34: 63.774221 | AH34: 63.942713 | AI34: 62.710438 | AJ34: 62.426285 | AK34: 64.111205 | AL34: 62.763269 | AM34: 62.173547 | AN34: 61.616162 | AO34: 60.657119 | AP34: 63.016007 | AQ34: 63.016007 | AR34: 63.352991 | AS34: 61.616162 | AT34: 62.594777 | AU34: 65.374895 | AV34: 65.206403 | AW34: 62.594777 | AX34: 63.888889 | AY34: 62.426285 | AZ34: 63.605729 | BA34: 65.037911 | BB34: 63.605729 | BC34: 61.868687 | BD34: 62.510531 | BE34: 63.100253 | BF34: 63.605729 | BG34: 63.689975 | BH34: 60.26936 | BI34: 61.920809 | BJ34: 64.616681 | BK34: 64.532435 | BL34: 65.122157 | BM34: 62.710438 | BN34: 62.426285 | BO34: 63.774221 | BP34: 62.594777 | BQ34: 62.931761 | BR34: 61.784512 | BS34: 60.067397 | BT34: 62.510531 | BU34: 63.184499 | BV34: 62.931761 | BW34: 61.026936 | BX34: 62.847515 | BY34: 63.774221 | BZ34: 64.953665 | CA34: 63.605729 | CB34: 62.205387 | CC34: 62.679023 | CD34: 64.026959 | CE34: 65.627633 | CF34: 63.689975 | CG34: 63.804714 | CH34: 62.594777 | CI34: 65.374895 | CJ34: 65.206403 | CK34: 62.594777 | CL34: 63.888889 | CM34: 62.257793 | CN34: 64.195451 | CO34: 64.616681 | CP34: 63.521483 | CQ34: 63.047138

Sheet Test
A1: resultsPro/1_1 | B1: resultsPro/1_1 | C1: resultsPro/1_1 | D1: resultsPro/1_1 | E1: resultsPro/1_1 | F1: resultsPro/2_1 | G1: resultsPro/2_1 | H1: resultsPro/2_1 | I1: resultsPro/2_1 | J1: resultsPro/2_1 | K1: resultsPro/3_1 | L1: resultsPro/3_1 | M1: resultsPro/3_1 | N1: resultsPro/3_1 | O1: resultsPro/3_1 | P1: resultsPro/4_1 | Q1: resultsPro/4_1 | R1: resultsPro/4_1 | S1: resultsPro/4_1 | T1: resultsPro/4_1 | U1: resultsPro/5_1 | V1: resultsPro/5_1 | W1: resultsPro/5_1 | X1: resultsPro/5_1 | Y1: resultsPro/5_1 | Z1: resultsPro/6_1 | AA1: resultsPro/6_1 | AB1: resultsPro/6_1 | AC1: resultsPro/6_1 | AD1: resultsPro/6_1 | AE1: resultsPro/7_1 | AF1: resultsPro/7_1 | AG1: resultsPro/7_1 | AH1: resultsPro/7_1 | AI1: resultsPro/7_1 | AJ1: resultsPro/8_1 | AK1: resultsPro/8_1 | AL1: resultsPro/8_1 | AM1: resultsPro/8_1 | AN1: resultsPro/8_1 | AO1: resultsPro/9_1 | AP1: resultsPro/9_1 | AQ1: resultsPro/9_1 | AR1: resultsPro/9_1 | AS1: resultsPro/9_1 | AT1: resultsPro/10_1 | AU1: resultsPro/10_1 | AV1: resultsPro/10_1 | AW1: resultsPro/10_1 | AX1: resultsPro/10_1 | AY1: resultsPro/11_1 | AZ1: resultsPro/11_1 | BA1: resultsPro/11_1 | BB1: resultsPro/11_1 | BC1: resultsPro/11_1 | BD1: resultsPro/12_1 | BE1: resultsPro/12_1 | BF1: resultsPro/12_1 | BG1: resultsPro/12_1 | BH1: resultsPro/12_1 | BI1: resultsPro/13_1 | BJ1: resultsPro/13_1 | BK1: resultsPro/13_1 | BL1: resultsPro/13_1 | BM1: resultsPro/13_1 | BN1: resultsPro/14_1 | BO1: resultsPro/14_1 | BP1: resultsPro/14_1 | BQ1: resultsPro/14_1 | BR1: resultsPro/14_1 | BS1: resultsPro/15_1 | BT1: resultsPro/15_1 | BU1: resultsPro/15_1 | BV1: resultsPro/15_1 | BW1: resultsPro/15_1 | BX1: resultsPro/16_1 | BY1: resultsPro/16_1 | BZ1: resultsPro/16_1 | CA1: resultsPro/16_1 | CB1: resultsPro/16_1 | CC1: resultsPro/17_1 | CD1: resultsPro/17_1 | CE1: resultsPro/17_1 | CF1: resultsPro/17_1 | CG1: resultsPro/17_1 | CH1: resultsPro/18_1 | CI1: resultsPro/18_1 | CJ1: resultsPro/18_1 | CK1: resultsPro/18_1 | CL1: resultsPro/18_1 | CM1: resultsPro/19_1 | CN1: resultsPro/19_1 | CO1: resultsPro/19_1 | CP1: resultsPro/19_1 | CQ1: resultsPro/19_1
A2: 90.909091 | B2: 80.952381 | C2: 90.47619 | D2: 95.238095 | E2: 80.952381 | F2: 86.363636 | G2: 85.714286 | H2: 85.714286 | I2: 90.47619 | J2: 85.714286 | K2: 86.363636 | L2: 76.190476 | M2: 85.714286 | N2: 85.714286 | O2: 76.190476 | P2: 81.818182 | Q2: 71.428571 | R2: 85.714286 | S2: 95.238095 | T2: 85.714286 | U2: 90.909091 | V2: 80.952381 | W2: 90.47619 | X2: 90.47619 | Y2: 85.714286 | Z2: 81.818182 | AA2: 76.190476 | AB2: 85.714286 | AC2: 90.47619 | AD2: 80.952381 | AE2: 81.818182 | AF2: 76.190476 | AG2: 85.714286 | AH2: 90.47619 | AI2: 85.714286 | AJ2: 81.818182 | AK2: 80.952381 | AL2: 90.47619 | AM2: 90.47619 | AN2: 76.190476 | AO2: 86.363636 | AP2: 76.190476 | AQ2: 85.714286 | AR2: 95.238095 | AS2: 76.190476 | AT2: 81.818182 | AU2: 80.952381 | AV2: 90.47619 | AW2: 90.47619 | AX2: 80.952381 | AY2: 81.818182 | AZ2: 61.904762 | BA2: 85.714286 | BB2: 90.47619 | BC2: 80.952381 | BD2: 86.363636 | BE2: 76.190476 | BF2: 95.238095 | BG2: 90.47619 | BH2: 85.714286 | BI2: 81.818182 | BJ2: 71.428571 | BK2: 90.47619 | BL2: 90.47619 | BM2: 85.714286 | BN2: 81.818182 | BO2: 76.190476 | BP2: 85.714286 | BQ2: 90.47619 | BR2: 85.714286 | BS2: 81.818182 | BT2: 80.952381 | BU2: 76.190476 | BV2: 90.47619 | BW2: 80.952381 | BX2: 81.818182 | BY2: 71.428571 | BZ2: 85.714286 | CA2: 90.47619 | CB2: 85.714286 | CC2: 81.818182 | CD2: 66.666667 | CE2: 90.47619 | CF2: 90.47619 | CG2: 85.714286 | CH2: 81.818182 | CI2: 80.952381 | CJ2: 90.47619 | CK2: 90.47619 | CL2: 80.952381 | CM2: 77.272727 | CN2: 76.190476 | CO2: 85.714286 | CP2: 90.47619 | CQ2: 80.952381
A3: 80 | B3: 78.4 | C3: 81.6 | D3: 84 | E3: 83.2 | F3: 84.8 | G3: 79.2 | H3: 84.8 | I3: 82.4 | J3: 82.4 | K3: 72 | L3: 76 | M3: 81.6 | N3: 83.2 | O3: 76 | P3: 83.2 | Q3: 82.4 | R3: 88 | S3: 84.8 | T3: 83.2 | U3: 84 | V3: 81.6 | W3: 80 | X3: 82.4 | Y3: 85.6 | Z3: 88 | AA3: 88 | AB3: 89.6 | AC3: 88 | AD3: 88.8 | AE3: 81.6 | AF3: 84.8 | AG3: 85.6 | AH3: 82.4 | AI3: 80 | AJ3: 80.8 | AK3: 81.6 | AL3: 85.6 | AM3: 80.8 | AN3: 80.8 | AO3: 86.4 | AP3: 83.2 | AQ3: 87.2 | AR3: 86.4 | AS3: 79.2 | AT3: 80 | AU3: 89.6 | AV3: 89.6 | AW3: 80 | AX3: 82.4 | AY3: 84 | AZ3: 88 | BA3: 86.4 | BB3: 86.4 | BC3: 87.2 | BD3: 72.8 | BE3: 75.2 | BF3: 80 | BG3: 80.8 | BH3: 81.6 | BI3: 80.8 | BJ3: 88.8 | BK3: 84.8 | BL3: 84 | BM3: 87.2 | BN3: 80.8 | BO3: 83.2 | BP3: 85.6 | BQ3: 85.6 | BR3: 84 | BS3: 73.6 | BT3: 76 | BU3: 78.4 | BV3: 77.6 | BW3: 77.6 | BX3: 84.8 | BY3: 85.6 | BZ3: 86.4 | CA3: 88 | CB3: 84 | CC3: 81.6 | CD3: 87.2 | CE3: 88.8 | CF3: 87.2 | CG3: 85.6 | CH3: 80 | CI3: 89.6 | CJ3: 89.6 | CK3: 80 | CL3: 82.4 | CM3: 85.6 | CN3: 88 | CO3: 87.2 | CP3: 85.6 | CQ3: 86.4
A4: 84.056604 | B4: 83.207547 | C4: 84.716981 | D4: 84.433962 | E4: 84.150943 | F4: 86.320755 | G4: 84.433962 | H4: 86.037736 | I4: 84.245283 | J4: 86.981132 | K4: 84.622642 | L4: 84.90566 | M4: 83.396226 | N4: 84.622642 | O4: 86.132075 | P4: 82.54717 | Q4: 85 | R4: 87.075472 | S4: 87.075472 | T4: 86.320755 | U4: 86.981132 | V4: 84.622642 | W4: 86.981132 | X4: 85.849057 | Y4: 86.037736 | Z4: 81.792453 | AA4: 85 | AB4: 83.962264 | AC4: 83.113208 | AD4: 84.528302 | AE4: 85.566038 | AF4: 84.528302 | AG4: 85.849057 | AH4: 84.150943 | AI4: 84.90566 | AJ4: 83.962264 | AK4: 84.811321 | AL4: 85 | AM4: 86.509434 | AN4: 85.566038 | AO4: 83.207547 | AP4: 83.018868 | AQ4: 85.283019 | AR4: 85 | AS4: 85.283019 | AT4: 84.433962 | AU4: 83.396226 | AV4: 85.09434 | AW4: 83.301887 | AX4: 85 | AY4: 83.584906 | AZ4: 81.603774 | BA4: 84.150943 | BB4: 87.075472 | BC4: 86.132075 | BD4: 85.660377 | BE4: 84.528302 | BF4: 85.849057 | BG4: 86.981132 | BH4: 86.226415 | BI4: 85.377358 | BJ4: 83.962264 | BK4: 84.528302 | BL4: 86.886792 | BM4: 86.698113 | BN4: 86.509434 | BO4: 84.716981 | BP4: 86.509434 | BQ4: 85.566038 | BR4: 86.981132 | BS4: 84.150943 | BT4: 83.018868 | BU4: 82.54717 | BV4: 83.867925 | BW4: 85.660377 | BX4: 84.056604 | BY4: 83.396226 | BZ4: 86.226415 | CA4: 85.471698 | CB4: 85.283019 | CC4: 86.415094 | CD4: 82.735849 | CE4: 87.075472 | CF4: 86.132075 | CG4: 84.811321 | CH4: 84.433962 | CI4: 83.396226 | CJ4: 85.09434 | CK4: 83.301887 | CL4: 85 | CM4: 82.735849 | CN4: 83.207547 | CO4: 86.603774 | CP4: 84.150943 | CQ4: 87.075472
A5: 69.333333 | B5: 72.222222 | C5: 63.513514 | D5: 71.830986 | E5: 69.863014 | F5: 69.333333 | G5: 73.611111 | H5: 66.216216 | I5: 70.422535 | J5: 75.342466 | K5: 68 | L5: 62.5 | M5: 72.972973 | N5: 64.788732 | O5: 69.863014 | P5: 64 | Q5: 69.444444 | R5: 67.567568 | S5: 76.056338 | T5: 68.493151 | U5: 65.333333 | V5: 72.222222 | W5: 67.567568 | X5: 67.605634 | Y5: 71.232877 | Z5: 68 | AA5: 69.444444 | AB5: 70.27027 | AC5: 74.647887 | AD5: 63.013699 | AE5: 62.666667 | AF5: 69.444444 | AG5: 68.918919 | AH5: 73.239437 | AI5: 68.493151 | AJ5: 62.666667 | AK5: 63.888889 | AL5: 68.918919 | AM5: 69.014085 | AN5: 65.753425 | AO5: 68 | AP5: 72.222222 | AQ5: 74.324324 | AR5: 69.014085 | AS5: 67.123288 | AT5: 72 | AU5: 77.777778 | AV5: 68.918919 | AW5: 74.647887 | AX5: 69.863014 | AY5: 65.333333 | AZ5: 72.222222 | BA5: 64.864865 | BB5: 74.647887 | BC5: 67.123288 | BD5: 66.666667 | BE5: 69.444444 | BF5: 67.567568 | BG5: 69.014085 | BH5: 69.863014 | BI5: 64 | BJ5: 75 | BK5: 64.864865 | BL5: 77.464789 | BM5: 63.013699 | BN5: 69.333333 | BO5: 70.833333 | BP5: 71.621622 | BQ5: 67.605634 | BR5: 65.753425 | BS5: 66.666667 | BT5: 59.722222 | BU5: 70.27027 | BV5: 70.422535 | BW5: 69.863014 | BX5: 62.666667 | BY5: 76.388889 | BZ5: 67.567568 | CA5: 76.056338 | CB5: 65.753425 | CC5: 66.666667 | CD5: 69.444444 | CE5: 62.162162 | CF5: 70.422535 | CG5: 72.60274 | CH5: 72 | CI5: 77.777778 | CJ5: 68.918919 | CK5: 74.647887 | CL5: 69.863014 | CM5: 64 | CN5: 66.666667 | CO5: 63.513514 | CP5: 74.647887 | CQ5: 72.60274
A6: 69.565217 | B6: 63.768116 | C6: 65.217391 | D6: 66.666667 | E6: 68.115942 | F6: 63.768116 | G6: 65.217391 | H6: 65.217391 | I6: 52.173913 | J6: 68.115942 | K6: 60.869565 | L6: 63.768116 | M6: 66.666667 | N6: 62.318841 | O6: 71.014493 | P6: 62.318841 | Q6: 62.318841 | R6: 62.318841 | S6: 62.318841 | T6: 72.463768 | U6: 65.217391 | V6: 65.217391 | W6: 68.115942 | X6: 62.318841 | Y6: 71.014493 | Z6: 53.623188 | AA6: 62.318841 | AB6: 63.768116 | AC6: 66.666667 | AD6: 71.014493 | AE6: 65.217391 | AF6: 65.217391 | AG6: 59.42029 | AH6: 72.463768 | AI6: 73.913043 | AJ6: 66.666667 | AK6: 62.318841 | AL6: 62.318841 | AM6: 63.768116 | AN6: 75.362319 | AO6: 62.318841 | AP6: 66.666667 | AQ6: 60.869565 | AR6: 62.318841 | AS6: 75.362319 | AT6: 62.318841 | AU6: 57.971014 | AV6: 57.971014 | AW6: 65.217391 | AX6: 76.811594 | AY6: 62.318841 | AZ6: 62.318841 | BA6: 55.072464 | BB6: 66.666667 | BC6: 71.014493 | BD6: 62.318841 | BE6: 63.768116 | BF6: 65.217391 | BG6: 62.318841 | BH6: 72.463768 | BI6: 62.318841 | BJ6: 65.217391 | BK6: 66.666667 | BL6: 60.869565 | BM6: 73.913043 | BN6: 62.318841 | BO6: 68.115942 | BP6: 66.666667 | BQ6: 65.217391 | BR6: 72.463768 | BS6: 50.724638 | BT6: 62.318841 | BU6: 60.869565 | BV6: 55.072464 | BW6: 75.362319 | BX6: 63.768116 | BY6: 65.217391 | BZ6: 65.217391 | CA6: 57.971014 | CB6: 73.913043 | CC6: 65.217391 | CD6: 65.217391 | CE6: 60.869565 | CF6: 63.768116 | CG6: 71.014493 | CH6: 62.318841 | CI6: 57.971014 | CJ6: 57.971014 | CK6: 65.217391 | CL6: 76.811594 | CM6: 71.014493 | CN6: 69.565217 | CO6: 56.521739 | CP6: 59.42029 | CQ6: 71.014493
A7: 60 | B7: 53.333333 | C7: 64.40678 | D7: 52.542373 | E7: 57.627119 | F7: 60 | G7: 58.333333 | H7: 61.016949 | I7: 52.542373 | J7: 49.152542 | K7: 61.666667 | L7: 56.666667 | M7: 55.932203 | N7: 50.847458 | O7: 50.847458 | P7: 56.666667 | Q7: 56.666667 | R7: 50.847458 | S7: 47.457627 | T7: 59.322034 | U7: 63.333333 | V7: 53.333333 | W7: 55.932203 | X7: 52.542373 | Y7: 59.322034 | Z7: 58.333333 | AA7: 45 | AB7: 57.627119 | AC7: 61.016949 | AD7: 64.40678 | AE7: 61.666667 | AF7: 53.333333 | AG7: 55.932203 | AH7: 54.237288 | AI7: 59.322034 | AJ7: 58.333333 | AK7: 46.666667 | AL7: 57.627119 | AM7: 49.152542 | AN7: 57.627119 | AO7: 61.666667 | AP7: 48.333333 | AQ7: 55.932203 | AR7: 44.067797 | AS7: 54.237288 | AT7: 65 | AU7: 53.333333 | AV7: 59.322034 | AW7: 52.542373 | AX7: 54.237288 | AY7: 60 | AZ7: 46.666667 | BA7: 50.847458 | BB7: 57.627119 | BC7: 57.627119 | BD7: 61.666667 | BE7: 51.666667 | BF7: 55.932203 | BG7: 52.542373 | BH7: 62.711864 | BI7: 65 | BJ7: 53.333333 | BK7: 59.322034 | BL7: 52.542373 | BM7: 64.40678 | BN7: 60 | BO7: 53.333333 | BP7: 57.627119 | BQ7: 50.847458 | BR7: 62.711864 | BS7: 66.666667 | BT7: 55 | BU7: 50.847458 | BV7: 54.237288 | BW7: 59.322034 | BX7: 61.666667 | BY7: 51.666667 | BZ7: 50.847458 | CA7: 49.152542 | CB7: 59.322034 | CC7: 61.666667 | CD7: 46.666667 | CE7: 59.322034 | CF7: 45.762712 | CG7: 54.237288 | CH7: 65 | CI7: 53.333333 | CJ7: 59.322034 | CK7: 52.542373 | CL7: 54.237288 | CM7: 63.333333 | CN7: 55 | CO7: 62.711864 | CP7: 49.152542 | CQ7: 55.932203
A8: 55.254237 | B8: 47.118644 | C8: 52.881356 | D8: 53.741497 | E8: 48.29932 | F8: 50.169492 | G8: 49.491525 | H8: 52.20339 | I8: 47.278912 | J8: 46.938776 | K8: 49.830508 | L8: 48.135593 | M8: 50.169492 | N8: 46.598639 | O8: 48.639456 | P8: 52.542373 | Q8: 47.79661 | R8: 51.864407 | S8: 55.442177 | T8: 48.979592 | U8: 58.305085 | V8: 43.389831 | W8: 48.135593 | X8: 45.918367 | Y8: 46.938776 | Z8: 53.898305 | AA8: 51.525424 | AB8: 51.186441 | AC8: 53.741497 | AD8: 52.040816 | AE8: 56.271186 | AF8: 49.830508 | AG8: 48.135593 | AH8: 51.70068 | AI8: 50.340136 | AJ8: 51.525424 | AK8: 49.830508 | AL8: 53.220339 | AM8: 51.70068 | AN8: 52.040816 | AO8: 53.220339 | AP8: 40.677966 | AQ8: 52.881356 | AR8: 51.020408 | AS8: 52.380952 | AT8: 53.220339 | AU8: 48.474576 | AV8: 51.525424 | AW8: 51.70068 | AX8: 52.380952 | AY8: 55.59322 | AZ8: 51.525424 | BA8: 50.169492 | BB8: 56.122449 | BC8: 50.680272 | BD8: 50.847458 | BE8: 50.847458 | BF8: 49.152542 | BG8: 47.619048 | BH8: 48.639456 | BI8: 55.932203 | BJ8: 43.728814 | BK8: 51.864407 | BL8: 53.401361 | BM8: 50 | BN8: 55.254237 | BO8: 46.779661 | BP8: 55.254237 | BQ8: 52.040816 | BR8: 50.340136 | BS8: 51.525424 | BT8: 41.355932 | BU8: 47.118644 | BV8: 47.278912 | BW8: 43.877551 | BX8: 55.59322 | BY8: 52.20339 | BZ8: 52.881356 | CA8: 52.721088 | CB8: 50.340136 | CC8: 54.915254 | CD8: 51.864407 | CE8: 54.576271 | CF8: 55.782313 | CG8: 51.70068 | CH8: 53.220339 | CI8: 48.474576 | CJ8: 51.525424 | CK8: 51.70068 | CL8: 52.380952 | CM8: 56.610169 | CN8: 50.508475 | CO8: 51.864407 | CP8: 55.102041 | CQ8: 53.401361
A9: 67.647059 | B9: 77.61194 | C9: 73.134328 | D9: 80.597015 | E9: 83.58209 | F9: 69.117647 | G9: 82.089552 | H9: 74.626866 | I9: 76.119403 | J9: 82.089552 | K9: 70.588235 | L9: 82.089552 | M9: 74.626866 | N9: 73.134328 | O9: 85.074627 | P9: 69.117647 | Q9: 77.61194 | R9: 70.149254 | S9: 76.119403 | T9: 76.119403 | U9: 69.117647 | V9: 79.104478 | W9: 71.641791 | X9: 79.104478 | Y9: 88.059701 | Z9: 73.529412 | AA9: 79.104478 | AB9: 77.61194 | AC9: 82.089552 | AD9: 85.074627 | AE9: 75 | AF9: 77.61194 | AG9: 73.134328 | AH9: 79.104478 | AI9: 83.58209 | AJ9: 70.588235 | AK9: 76.119403 | AL9: 71.641791 | AM9: 77.61194 | AN9: 83.58209 | AO9: 73.529412 | AP9: 77.61194 | AQ9: 74.626866 | AR9: 77.61194 | AS9: 83.58209 | AT9: 75 | AU9: 82.089552 | AV9: 68.656716 | AW9: 77.61194 | AX9: 88.059701 | AY9: 67.647059 | AZ9: 70.149254 | BA9: 76.119403 | BB9: 76.119403 | BC9: 85.074627 | BD9: 69.117647 | BE9: 77.61194 | BF9: 71.641791 | BG9: 68.656716 | BH9: 85.074627 | BI9: 73.529412 | BJ9: 74.626866 | BK9: 77.61194 | BL9: 76.119403 | BM9: 83.58209 | BN9: 75 | BO9: 83.58209 | BP9: 76.119403 | BQ9: 76.119403 | BR9: 82.089552 | BS9: 69.117647 | BT9: 76.119403 | BU9: 74.626866 | BV9: 71.641791 | BW9: 74.626866 | BX9: 70.588235 | BY9: 80.597015 | BZ9: 71.641791 | CA9: 73.134328 | CB9: 88.059701 | CC9: 75 | CD9: 82.089552 | CE9: 70.149254 | CF9: 80.597015 | CG9: 88.059701 | CH9: 75 | CI9: 82.089552 | CJ9: 68.656716 | CK9: 77.61194 | CL9: 88.059701 | CM9: 76.470588 | CN9: 83.58209 | CO9: 71.641791 | CP9: 76.119403 | CQ9: 83.58209
A10: 62.790698 | B10: 60.465116 | C10: 60.465116 | D10: 65.116279 | E10: 64.285714 | F10: 60.465116 | G10: 55.813953 | H10: 62.790698 | I10: 67.44186 | J10: 69.047619 | K10: 67.44186 | L10: 62.790698 | M10: 60.465116 | N10: 60.465116 | O10: 71.428571 | P10: 67.44186 | Q10: 65.116279 | R10: 69.767442 | S10: 69.767442 | T10: 64.285714 | U10: 60.465116 | V10: 60.465116 | W10: 55.813953 | X10: 62.790698 | Y10: 64.285714 | Z10: 60.465116 | AA10: 62.790698 | AB10: 67.44186 | AC10: 69.767442 | AD10: 69.047619 | AE10: 62.790698 | AF10: 55.813953 | AG10: 65.116279 | AH10: 67.44186 | AI10: 59.52381 | AJ10: 60.465116 | AK10: 62.790698 | AL10: 65.116279 | AM10: 62.790698 | AN10: 61.904762 | AO10: 55.813953 | AP10: 58.139535 | AQ10: 58.139535 | AR10: 65.116279 | AS10: 64.285714 | AT10: 62.790698 | AU10: 58.139535 | AV10: 62.790698 | AW10: 67.44186 | AX10: 73.809524 | AY10: 67.44186 | AZ10: 58.139535 | BA10: 65.116279 | BB10: 69.767442 | BC10: 66.666667 | BD10: 72.093023 | BE10: 58.139535 | BF10: 58.139535 | BG10: 69.767442 | BH10: 64.285714 | BI10: 67.44186 | BJ10: 60.465116 | BK10: 58.139535 | BL10: 67.44186 | BM10: 61.904762 | BN10: 69.767442 | BO10: 58.139535 | BP10: 67.44186 | BQ10: 69.767442 | BR10: 71.428571 | BS10: 58.139535 | BT10: 65.116279 | BU10: 65.116279 | BV10: 65.116279 | BW10: 64.285714 | BX10: 67.44186 | BY10: 60.465116 | BZ10: 55.813953 | CA10: 72.093023 | CB10: 66.666667 | CC10: 65.116279 | CD10: 58.139535 | CE10: 62.790698 | CF10: 69.767442 | CG10: 69.047619 | CH10: 62.790698 | CI10: 58.139535 | CJ10: 62.790698 | CK10: 67.44186 | CL10: 73.809524 | CM10: 58.139535 | CN10: 60.465116 | CO10: 60.465116 | CP10: 65.116279 | CQ10: 66.666667
A11: 77.419355 | B11: 70.491803 | C11: 72.131148 | D11: 67.213115 | E11: 77.04918 | F11: 75.806452 | G11: 68.852459 | H11: 73.770492 | I11: 68.852459 | J11: 73.770492 | K11: 75.806452 | L11: 67.213115 | M11: 68.852459 | N11: 75.409836 | O11: 75.409836 | P11: 80.645161 | Q11: 68.852459 | R11: 73.770492 | S11: 70.491803 | T11: 77.04918 | U11: 77.419355 | V11: 65.57377 | W11: 75.409836 | X11: 70.491803 | Y11: 75.409836 | Z11: 79.032258 | AA11: 67.213115 | AB11: 68.852459 | AC11: 65.57377 | AD11: 73.770492 | AE11: 77.419355 | AF11: 67.213115 | AG11: 72.131148 | AH11: 63.934426 | AI11: 77.04918 | AJ11: 77.419355 | AK11: 68.852459 | AL11: 73.770492 | AM11: 77.04918 | AN11: 73.770492 | AO11: 79.032258 | AP11: 67.213115 | AQ11: 77.04918 | AR11: 72.131148 | AS11: 77.04918 | AT11: 77.419355 | AU11: 67.213115 | AV11: 70.491803 | AW11: 77.04918 | AX11: 67.213115 | AY11: 77.419355 | AZ11: 70.491803 | BA11: 70.491803 | BB11: 70.491803 | BC11: 72.131148 | BD11: 82.258065 | BE11: 68.852459 | BF11: 70.491803 | BG11: 73.770492 | BH11: 73.770492 | BI11: 74.193548 | BJ11: 72.131148 | BK11: 70.491803 | BL11: 59.016393 | BM11: 73.770492 | BN11: 75.806452 | BO11: 70.491803 | BP11: 72.131148 | BQ11: 70.491803 | BR11: 72.131148 | BS11: 74.193548 | BT11: 67.213115 | BU11: 72.131148 | BV11: 70.491803 | BW11: 77.04918 | BX11: 77.419355 | BY11: 68.852459 | BZ11: 70.491803 | CA11: 68.852459 | CB11: 73.770492 | CC11: 77.419355 | CD11: 65.57377 | CE11: 77.04918 | CF11: 70.491803 | CG11: 70.491803 | CH11: 77.419355 | CI11: 67.213115 | CJ11: 70.491803 | CK11: 77.04918 | CL11: 67.213115 | CM11: 70.967742 | CN11: 67.213115 | CO11: 72.131148 | CP11: 68.852459 | CQ11: 70.491803
A12: 88.888889 | B12: 77.777778 | C12: 80.769231 | D12: 73.076923 | E12: 73.076923 | F12: 88.888889 | G12: 77.777778 | H12: 84.615385 | I12: 73.076923 | J12: 73.076923 | K12: 88.888889 | L12: 77.777778 | M12: 80.769231 | N12: 73.076923 | O12: 73.076923 | P12: 88.888889 | Q12: 77.777778 | R12: 80.769231 | S12: 73.076923 | T12: 73.076923 | U12: 88.888889 | V12: 77.777778 | W12: 80.769231 | X12: 73.076923 | Y12: 73.076923 | Z12: 88.888889 | AA12: 81.481481 | AB12: 80.769231 | AC12: 76.923077 | AD12: 76.923077 | AE12: 88.888889 | AF12: 77.777778 | AG12: 80.769231 | AH12: 73.076923 | AI12: 73.076923 | AJ12: 88.888889 | AK12: 77.777778 | AL12: 80.769231 | AM12: 73.076923 | AN12: 73.076923 | AO12: 88.888889 | AP12: 77.777778 | AQ12: 80.769231 | AR12: 73.076923 | AS12: 73.076923 | AT12: 88.888889 | AU12: 77.777778 | AV12: 80.769231 | AW12: 73.076923 | AX12: 73.076923 | AY12: 88.888889 | AZ12: 77.777778 | BA12: 80.769231 | BB12: 73.076923 | BC12: 73.076923 | BD12: 88.888889 | BE12: 77.777778 | BF12: 84.615385 | BG12: 73.076923 | BH12: 73.076923 | BI12: 88.888889 | BJ12: 77.777778 | BK12: 80.769231 | BL12: 73.076923 | BM12: 73.076923 | BN12: 88.888889 | BO12: 77.777778 | BP12: 80.769231 | BQ12: 73.076923 | BR12: 73.076923 | BS12: 85.185185 | BT12: 74.074074 | BU12: 84.615385 | BV12: 73.076923 | BW12: 80.769231 | BX12: 88.888889 | BY12: 77.777778 | BZ12: 80.769231 | CA12: 73.076923 | CB12: 73.076923 | CC12: 88.888889 | CD12: 77.777778 | CE12: 80.769231 | CF12: 73.076923 | CG12: 73.076923 | CH12: 88.888889 | CI12: 77.777778 | CJ12: 80.769231 | CK12: 73.076923 | CL12: 73.076923 | CM12: 88.888889 | CN12: 77.777778 | CO12: 80.769231 | CP12: 73.076923 | CQ12: 73.076923
A13: 85.915493 | B13: 88.571429 | C13: 85.714286 | D13: 92.857143 | E13: 85.714286 | F13: 77.464789 | G13: 88.571429 | H13: 87.142857 | I13: 95.714286 | J13: 87.142857 | K13: 83.098592 | L13: 91.428571 | M13: 87.142857 | N13: 94.285714 | O13: 91.428571 | P13: 76.056338 | Q13: 88.571429 | R13: 88.571429 | S13: 94.285714 | T13: 85.714286 | U13: 84.507042 | V13: 87.142857 | W13: 87.142857 | X13: 94.285714 | Y13: 84.285714 | Z13: 84.507042 | AA13: 91.428571 | AB13: 90 | AC13: 95.714286 | AD13: 88.571429 | AE13: 87.323944 | AF13: 88.571429 | AG13: 90 | AH13: 95.714286 | AI13: 87.142857 | AJ13: 78.873239 | AK13: 92.857143 | AL13: 87.142857 | AM13: 92.857143 | AN13: 87.142857 | AO13: 85.915493 | AP13: 90 | AQ13: 84.285714 | AR13: 94.285714 | AS13: 87.142857 | AT13: 85.915493 | AU13: 88.571429 | AV13: 90 | AW13: 95.714286 | AX13: 91.428571 | AY13: 85.915493 | AZ13: 92.857143 | BA13: 87.142857 | BB13: 95.714286 | BC13: 82.857143 | BD13: 81.690141 | BE13: 88.571429 | BF13: 85.714286 | BG13: 92.857143 | BH13: 90 | BI13: 87.323944 | BJ13: 88.571429 | BK13: 81.428571 | BL13: 92.857143 | BM13: 90 | BN13: 85.915493 | BO13: 91.428571 | BP13: 88.571429 | BQ13: 94.285714 | BR13: 88.571429 | BS13: 85.915493 | BT13: 90 | BU13: 85.714286 | BV13: 92.857143 | BW13: 88.571429 | BX13: 83.098592 | BY13: 91.428571 | BZ13: 88.571429 | CA13: 94.285714 | CB13: 88.571429 | CC13: 85.915493 | CD13: 82.857143 | CE13: 85.714286 | CF13: 97.142857 | CG13: 88.571429 | CH13: 85.915493 | CI13: 88.571429 | CJ13: 90 | CK13: 95.714286 | CL13: 91.428571 | CM13: 85.915493 | CN13: 88.571429 | CO13: 84.285714 | CP13: 94.285714 | CQ13: 87.142857
... A34: 59.93266 | B34: 56.902357 | C34: 52.525253 | D34: 55.218855 | E34: 56.756757 | F34: 57.575758 | G34: 58.585859 | H34: 54.208754 | I34: 57.912458 | J34: 57.432432 | K34: 58.922559 | L34: 58.585859 | M34: 56.565657 | N34: 59.259259 | O34: 59.459459 | P34: 58.585859 | Q34: 60.606061 | R34: 56.565657 | S34: 55.555556 | T34: 55.743243 | U34: 54.208754 | V34: 58.922559 | W34: 52.188552 | X34: 55.555556 | Y34: 57.77027 | Z34: 59.259259 | AA34: 59.259259 | AB34: 57.912458 | AC34: 56.228956 | AD34: 57.094595 | AE34: 59.59596 | AF34: 57.575758 | AG34: 55.218855 | AH34: 58.249158 | AI34: 57.77027 | AJ34: 56.902357 | AK34: 57.239057 | AL34: 58.249158 | AM34: 57.239057 | AN34: 56.081081 | AO34: 55.892256 | AP34: 55.892256 | AQ34: 53.872054 | AR34: 55.892256 | AS34: 52.027027 | AT34: 59.59596 | AU34: 57.912458 | AV34: 57.239057 | AW34: 56.228956 | AX34: 60.472973 | AY34: 58.922559 | AZ34: 56.565657 | BA34: 56.902357 | BB34: 55.218855 | BC34: 56.081081 | BD34: 53.872054 | BE34: 59.259259 | BF34: 54.208754 | BG34: 54.545455 | BH34: 59.459459 | BI34: 60.26936 | BJ34: 55.218855 | BK34: 55.555556 | BL34: 56.228956 | BM34: 56.756757 | BN34: 58.922559 | BO34: 57.239057 | BP34: 54.545455 | BQ34: 58.922559 | BR34: 57.77027 | BS34: 58.249158 | BT34: 56.565657 | BU34: 55.892256 | BV34: 56.228956 | BW34: 54.391892 | BX34: 57.239057 | BY34: 60.606061 | BZ34: 55.555556 | CA34: 60.26936 | CB34: 56.418919 | CC34: 59.59596 | CD34: 57.239057 | CE34: 56.228956 | CF34: 53.872054 | CG34: 57.094595 | CH34: 59.59596 | CI34: 57.912458 | CJ34: 57.239057 | CK34: 56.228956 | CL34: 60.472973 | CM34: 60.942761 | CN34: 56.565657 | CO34: 56.565657 | CP34: 55.892256 | CQ34: 57.094595

Sheet 1_1
A1: Dataset | B1: pt1 | C1: pt2 | D1: pt3 | E1: pt4 | F1: pt5 | G1: Mean | J1: Dataset | K1: pt1 | L1: pt2 | M1: pt3 | N1: pt4 | O1: pt5 | P1: Mean
A2: appendicitis | B2: =Training!A2 -> 96.428571 | C2: =Training!B2 -> 97.647059 | D2: =Training!C2 -> 97.647059 | E2: =Training!D2 -> 98.823529 | F2: =Training!E2 -> 96.470588 | G2: =AVERAGE(B2:F2) -> 97.403361 | J2: appendicitis | K2: =Test!A2 -> 90.909091 | L2: =Test!B2 -> 80.952381 | M2: =Test!C2 -> 90.47619 | N2: =Test!D2 -> 95.238095 | O2: =Test!E2 -> 80.952381 | P2: =AVERAGE(K2:O2) -> 87.705628
A3: balance | B3: =Training!A3 -> 86.4 | C3: =Training!B3 -> 82.6 | D3: =Training!C3 -> 86.8 | E3: =Training!D3 -> 86.4 | F3: =Training!E3 -> 86.4 | G3: =AVERAGE(B3:F3) -> 85.72 | J3: balance | K3: =Test!A3 -> 80 | L3: =Test!B3 -> 78.4 | M3: =Test!C3 -> 81.6 | N3: =Test!D3 -> 84 | O3: =Test!E3 -> 83.2 | P3: =AVERAGE(K3:O3) -> 81.44
A4: banana | B4: =Training!A4 -> 87.688679 | C4: =Training!B4 -> 86.627358 | D4: =Training!C4 -> 86.34434 | E4: =Training!D4 -> 84.316038 | F4: =Training!E4 -> 84.834906 | G4: =AVERAGE(B4:F4) -> 85.962264 | J4: banana | K4: =Test!A4 -> 84.056604 | L4: =Test!B4 -> 83.207547 | M4: =Test!C4 -> 84.716981 | N4: =Test!D4 -> 84.433962 | O4: =Test!E4 -> 84.150943 | P4: =AVERAGE(K4:O4) -> 84.113208
A5: bands | B5: =Training!A5 -> 90 | C5: =Training!B5 -> 88.054608 | D5: =Training!C5 -> 87.972509 | E5: =Training!D5 -> 91.496599 | F5: =Training!E5 -> 86.643836 | G5: =AVERAGE(B5:F5) -> 88.83351 | J5: bands | K5: =Test!A5 -> 69.333333 | L5: =Test!B5 -> 72.222222 | M5: =Test!C5 -> 63.513514 | N5: =Test!D5 -> 71.830986 | O5: =Test!E5 -> 69.863014 | P5: =AVERAGE(K5:O5) -> 69.352614
A6: bupa | B6: =Training!A6 -> 78.985507 | C6: =Training!B6 -> 81.884058 | D6: =Training!C6 -> 80.072464 | E6: =Training!D6 -> 80.072464 | F6: =Training!E6 -> 79.347826 | G6: =AVERAGE(B6:F6) -> 80.072464 | J6: bupa | K6: =Test!A6 -> 69.565217 | L6: =Test!B6 -> 63.768116 | M6: =Test!C6 -> 65.217391 | N6: =Test!D6 -> 66.666667 | O6: =Test!E6 -> 68.115942 | P6: =AVERAGE(K6:O6) -> 66.666667
A7: cleveland | B7: =Training!A7 -> 89.029536 | C7: =Training!B7 -> 91.139241 | D7: =Training!C7 -> 90.336134 | E7: =Training!D7 -> 89.915966 | F7: =Training!E7 -> 91.176471 | G7: =AVERAGE(B7:F7) -> 90.31947 | J7: cleveland | K7: =Test!A7 -> 60 | L7: =Test!B7 -> 53.333333 | M7: =Test!C7 -> 64.40678 | N7: =Test!D7 -> 52.542373 | O7: =Test!E7 -> 57.627119 | P7: =AVERAGE(K7:O7) -> 57.581921
A8: contraceptive | B8: =Training!A8 -> 60.441426 | C8: =Training!B8 -> 59.762309 | D8: =Training!C8 -> 61.544992 | E8: =Training!D8 -> 60.729432 | F8: =Training!E8 -> 60.050891 | G8: =AVERAGE(B8:F8) -> 60.50581 | J8: contraceptive | K8: =Test!A8 -> 55.254237 | L8: =Test!B8 -> 47.118644 | M8: =Test!C8 -> 52.881356 | N8: =Test!D8 -> 53.741497 | O8: =Test!E8 -> 48.29932 | P8: =AVERAGE(K8:O8) -> 51.459011
A9: ecoli | B9: =Training!A9 -> 88.80597 | C9: =Training!B9 -> 90.334572 | D9: =Training!C9 -> 90.334572 | E9: =Training!D9 -> 86.988848 | F9: =Training!E9 -> 91.821561 | G9: =AVERAGE(B9:F9) -> 89.657105 | J9: ecoli | K9: =Test!A9 -> 67.647059 | L9: =Test!B9 -> 77.61194 | M9: =Test!C9 -> 73.134328 | N9: =Test!D9 -> 80.597015 | O9: =Test!E9 -> 83.58209 | P9: =AVERAGE(K9:O9) -> 76.514486
A10: glass | B10: =Training!A10 -> 81.28655 | C10: =Training!B10 -> 86.549708 | D10: =Training!C10 -> 85.380117 | E10: =Training!D10 -> 80.701754 | F10: =Training!E10 -> 83.139535 | G10: =AVERAGE(B10:F10) -> 83.411533 | J10: glass | K10: =Test!A10 -> 62.790698 | L10: =Test!B10 -> 60.465116 | M10: =Test!C10 -> 60.465116 | N10: =Test!D10 -> 65.116279 | O10: =Test!E10 -> 64.285714 | P10: =AVERAGE(K10:O10) -> 62.624585
A11: haberman | B11: =Training!A11 -> 83.196721 | C11: =Training!B11 -> 82.857143 | D11: =Training!C11 -> 82.857143 | E11: =Training!D11 -> 84.897959 | F11: =Training!E11 -> 83.265306 | G11: =AVERAGE(B11:F11) -> 83.414854 | J11: haberman | K11: =Test!A11 -> 77.419355 | L11: =Test!B11 -> 70.491803 | M11: =Test!C11 -> 72.131148 | N11: =Test!D11 -> 67.213115 | O11: =Test!E11 -> 77.04918 | P11: =AVERAGE(K11:O11) -> 72.86092
A12: hayes-roth | B12: =Training!A12 -> 89.52381 | C12: =Training!B12 -> 91.428571 | D12: =Training!C12 -> 91.509434 | E12: =Training!D12 -> 91.509434 | F12: =Training!E12 -> 91.509434 | G12: =AVERAGE(B12:F12) -> 91.096137 | J12: hayes-roth | K12: =Test!A12 -> 88.888889 | L12: =Test!B12 -> 77.777778 | M12: =Test!C12 -> 80.769231 | N12: =Test!D12 -> 73.076923 | O12: =Test!E12 -> 73.076923 | P12: =AVERAGE(K12:O12) -> 78.717949
A13: ion | B13: =Training!A13 -> 99.285714 | C13: =Training!B13 -> 99.644128 | D13: =Training!C13 -> 99.644128 | E13: =Training!D13 -> 99.288256 | F13: =Training!E13 -> 99.288256 | G13: =AVERAGE(B13:F13) -> 99.430097 | J13: ion | K13: =Test!A13 -> 85.915493 | L13: =Test!B13 -> 88.571429 | M13: =Test!C13 -> 85.714286 | N13: =Test!D13 -> 92.857143 | O13: =Test!E13 -> 85.714286 | P13: =AVERAGE(K13:O13) -> 87.754527
... A34: yeast | B34: =Training!A34 -> 62.005055 | C34: =Training!B34 -> 63.689975 | D34: =Training!C34 -> 62.847515 | E34: =Training!D34 -> 62.931761 | F34: =Training!E34 -> 62.037037 | G34: =AVERAGE(B34:F34) -> 62.702268 | J34: yeast | K34: =Test!A34 -> 59.93266 | L34: =Test!B34 -> 56.902357 | M34: =Test!C34 -> 52.525253 | N34: =Test!D34 -> 55.218855 | O34: =Test!E34 -> 56.756757 | P34: =AVERAGE(K34:O34) -> 56.267176
A36: Mean | G36: =AVERAGE(G2:G34) -> 87.964595 | J36: Mean | P36: =AVERAGE(P2:P34) -> 79.200474

Sheet 2_1
A1: Dataset | B1: pt1 | C1: pt2 | D1: pt3 | E1: pt4 | F1: pt5 | G1: Mean | J1: Dataset | K1: pt1 | L1: pt2 | M1: pt3 | N1: pt4 | O1: pt5 | P1: Mean
A2: appendicitis | B2: =Training!F2 -> 95.238095 | C2: =Training!G2 -> 98.823529 | D2: =Training!H2 -> 96.470588 | E2: =Training!I2 -> 95.294118 | F2: =Training!J2 -> 96.470588 | G2: =AVERAGE(B2:F2) -> 96.459384 | J2: appendicitis | K2: =Test!F2 -> 86.363636 | L2: =Test!G2 -> 85.714286 | M2: =Test!H2 -> 85.714286 | N2: =Test!I2 -> 90.47619 | O2: =Test!J2 -> 85.714286 | P2: =AVERAGE(K2:O2) -> 86.796537
A3: balance | B3: =Training!F3 -> 87 | C3: =Training!G3 -> 87 | D3: =Training!H3 -> 84.6 | E3: =Training!I3 -> 86.2 | F3: =Training!J3 -> 87 | G3: =AVERAGE(B3:F3) -> 86.36 | J3: balance | K3: =Test!F3 -> 84.8 | L3: =Test!G3 -> 79.2 | M3: =Test!H3 -> 84.8 | N3: =Test!I3 -> 82.4 | O3: =Test!J3 -> 82.4 | P3: =AVERAGE(K3:O3) -> 82.72
A4: banana | B4: =Training!F4 -> 87.688679 | C4: =Training!G4 -> 88.066038 | D4: =Training!H4 -> 86.34434 | E4: =Training!I4 -> 86.792453 | F4: =Training!J4 -> 87.146226 | G4: =AVERAGE(B4:F4) -> 87.207547 | J4: banana | K4: =Test!F4 -> 86.320755 | L4: =Test!G4 -> 84.433962 | M4: =Test!H4 -> 86.037736 | N4: =Test!I4 -> 84.245283 | O4: =Test!J4 -> 86.981132 | P4: =AVERAGE(K4:O4) -> 85.603774
A5: bands | B5: =Training!F5 -> 89.655172 | C5: =Training!G5 -> 87.372014 | D5: =Training!H5 -> 85.56701 | E5: =Training!I5 -> 88.435374 | F5: =Training!J5 -> 85.616438 | G5: =AVERAGE(B5:F5) -> 87.329202 | J5: bands | K5: =Test!F5 -> 69.333333 | L5: =Test!G5 -> 73.611111 | M5: =Test!H5 -> 66.216216 | N5: =Test!I5 -> 70.422535 | O5: =Test!J5 -> 75.342466 | P5: =AVERAGE(K5:O5) -> 70.985132
A6: bupa | B6: =Training!F6 -> 77.898551 | C6: =Training!G6 -> 80.072464 | D6: =Training!H6 -> 77.898551 | E6: =Training!I6 -> 78.26087 | F6: =Training!J6 -> 80.434783 | G6: =AVERAGE(B6:F6) -> 78.913043 | J6: bupa | K6: =Test!F6 -> 63.768116 | L6: =Test!G6 -> 65.217391 | M6: =Test!H6 -> 65.217391 | N6: =Test!I6 -> 52.173913 | O6: =Test!J6 -> 68.115942 | P6: =AVERAGE(K6:O6) -> 62.898551
A7: cleveland | B7: =Training!F7 -> 87.341772 | C7: =Training!G7 -> 90.7173 | D7: =Training!H7 -> 89.07563 | E7: =Training!I7 -> 90.336134 | F7: =Training!J7 -> 89.495798 | G7: =AVERAGE(B7:F7) -> 89.393327 | J7: cleveland | K7: =Test!F7 -> 60 | L7: =Test!G7 -> 58.333333 | M7: =Test!H7 -> 61.016949 | N7: =Test!I7 -> 52.542373 | O7: =Test!J7 -> 49.152542 | P7: =AVERAGE(K7:O7) -> 56.20904
A8: contraceptive | B8: =Training!F8 -> 59.847199 | C8: =Training!G8 -> 60.356537 | D8: =Training!H8 -> 60.441426 | E8: =Training!I8 -> 59.796438 | F8: =Training!J8 -> 60.899067 | G8: =AVERAGE(B8:F8) -> 60.268133 | J8: contraceptive | K8: =Test!F8 -> 50.169492 | L8: =Test!G8 -> 49.491525 | M8: =Test!H8 -> 52.20339 | N8: =Test!I8 -> 47.278912 | O8: =Test!J8 -> 46.938776 | P8: =AVERAGE(K8:O8) -> 49.216419
A9: ecoli | B9: =Training!F9 -> 90.671642 | C9: =Training!G9 -> 90.70632 | D9: =Training!H9 -> 90.70632 | E9: =Training!I9 -> 90.334572 | F9: =Training!J9 -> 89.591078 | G9: =AVERAGE(B9:F9) -> 90.401986 | J9: ecoli | K9: =Test!F9 -> 69.117647 | L9: =Test!G9 -> 82.089552 | M9: =Test!H9 -> 74.626866 | N9: =Test!I9 -> 76.119403 | O9: =Test!J9 -> 82.089552 | P9: =AVERAGE(K9:O9) -> 76.808604
A10: glass | B10: =Training!F10 -> 84.210526 | C10: =Training!G10 -> 87.134503 | D10: =Training!H10 -> 87.719298 | E10: =Training!I10 -> 80.116959 | F10: =Training!J10 -> 83.139535 | G10: =AVERAGE(B10:F10) -> 84.464164 | J10: glass | K10: =Test!F10 -> 60.465116 | L10: =Test!G10 -> 55.813953 | M10: =Test!H10 -> 62.790698 | N10: =Test!I10 -> 67.44186 | O10: =Test!J10 -> 69.047619 | P10: =AVERAGE(K10:O10) -> 63.111849
A11: haberman | B11: =Training!F11 -> 83.196721 | C11: =Training!G11 -> 84.081633 | D11: =Training!H11 -> 84.897959 | E11: =Training!I11 -> 84.081633 | F11: =Training!J11 -> 82.857143 | G11: =AVERAGE(B11:F11) -> 83.823018 | J11: haberman | K11: =Test!F11 -> 75.806452 | L11: =Test!G11 -> 68.852459 | M11: =Test!H11 -> 73.770492 | N11: =Test!I11 -> 68.852459 | O11: =Test!J11 -> 73.770492 | P11: =AVERAGE(K11:O11) -> 72.210471
A12: hayes-roth | B12: =Training!F12 -> 89.52381 | C12: =Training!G12 -> 91.428571 | D12: =Training!H12 -> 91.509434 | E12: =Training!I12 -> 91.509434 | F12: =Training!J12 -> 91.509434 | G12: =AVERAGE(B12:F12) -> 91.096137 | J12: hayes-roth | K12: =Test!F12 -> 88.888889 | L12: =Test!G12 -> 77.777778 | M12: =Test!H12 -> 84.615385 | N12: =Test!I12 -> 73.076923 | O12: =Test!J12 -> 73.076923 | P12: =AVERAGE(K12:O12) -> 79.487179
A13: ion | B13: =Training!F13 -> 99.285714 | C13: =Training!G13 -> 98.932384 | D13: =Training!H13 -> 99.288256 | E13: =Training!I13 -> 98.932384 | F13: =Training!J13 -> 98.576512 | G13: =AVERAGE(B13:F13) -> 99.00305 | J13: ion | K13: =Test!F13 -> 77.464789 | L13: =Test!G13 -> 88.571429 | M13: =Test!H13 -> 87.142857 | N13: =Test!I13 -> 95.714286 | O13: =Test!J13 -> 87.142857 | P13: =AVERAGE(K13:O13) -> 87.207243
... A34: yeast | B34: =Training!F34 -> 61.162595 | C34: =Training!G34 -> 63.100253 | D34: =Training!H34 -> 64.026959 | E34: =Training!I34 -> 64.026959 | F34: =Training!J34 -> 62.457912 | G34: =AVERAGE(B34:F34) -> 62.954935 | J34: yeast | K34: =Test!F34 -> 57.575758 | L34: =Test!G34 -> 58.585859 | M34: =Test!H34 -> 54.208754 | N34: =Test!I34 -> 57.912458 | O34: =Test!J34 -> 57.432432 | P34: =AVERAGE(K34:O34) -> 57.143052
A36: Mean | G36: =AVERAGE(G2:G34) -> 87.827445 | J36: Mean | P36: =AVERAGE(P2:P34) -> 79.104333

Sheet 3_1
A1: Dataset | B1: pt1 | C1: pt2 | D1: pt3 | E1: pt4 | F1: pt5 | G1: Mean | J1: Dataset | K1: pt1 | L1: pt2 | M1: pt3 | N1: pt4 | O1: pt5 | P1: Mean
A2: appendicitis | B2: =Training!K2 -> 95.238095 | C2: =Training!L2 -> 95.294118 | D2: =Training!M2 -> 100 | E2: =Training!N2 -> 95.294118 | F2: =Training!O2 -> 96.470588 | G2: =AVERAGE(B2:F2) -> 96.459384 | J2: appendicitis | K2: =Test!K2 -> 86.363636 | L2: =Test!L2 -> 76.190476 | M2: =Test!M2 -> 85.714286 | N2: =Test!N2 -> 85.714286 | O2: =Test!O2 -> 76.190476 | P2: =AVERAGE(K2:O2) -> 82.034632
A3: balance | B3: =Training!K3 -> 86.4 | C3: =Training!L3 -> 86.6 | D3: =Training!M3 -> 85.8 | E3: =Training!N3 -> 86.4 | F3: =Training!O3 -> 86.2 | G3: =AVERAGE(B3:F3) -> 86.28 | J3: balance | K3: =Test!K3 -> 72 | L3: =Test!L3 -> 76 | M3: =Test!M3 -> 81.6 | N3: =Test!N3 -> 83.2 | O3: =Test!O3 -> 76 | P3: =AVERAGE(K3:O3) -> 77.76
A4: banana | B4: =Training!K4 -> 84.033019 | C4: =Training!L4 -> 85.117925 | D4: =Training!M4 -> 85.141509 | E4: =Training!N4 -> 84.103774 | F4: =Training!O4 -> 85.424528 | G4: =AVERAGE(B4:F4) -> 84.764151 | J4: banana | K4: =Test!K4 -> 84.622642 | L4: =Test!L4 -> 84.90566 | M4: =Test!M4 -> 83.396226 | N4: =Test!N4 -> 84.622642 | O4: =Test!O4 -> 86.132075 | P4: =AVERAGE(K4:O4) -> 84.735849
A5: bands | B5: =Training!K5 -> 90 | C5: =Training!L5 -> 88.054608 | D5: =Training!M5 -> 88.316151 | E5: =Training!N5 -> 85.034014 | F5: =Training!O5 -> 86.643836 | G5: =AVERAGE(B5:F5) -> 87.609722 | J5: bands | K5: =Test!K5 -> 68 | L5: =Test!L5 -> 62.5 | M5: =Test!M5 -> 72.972973 | N5: =Test!N5 -> 64.788732 | O5: =Test!O5 -> 69.863014 | P5: =AVERAGE(K5:O5) -> 67.624944
A6: bupa | B6: =Training!K6 -> 78.26087 | C6: =Training!L6 -> 79.710145 | D6: =Training!M6 -> 78.985507 | E6: =Training!N6 -> 79.710145 | F6: =Training!O6 -> 78.623188 | G6: =AVERAGE(B6:F6) -> 79.057971 | J6: bupa | K6: =Test!K6 -> 60.869565 | L6: =Test!L6 -> 63.768116 | M6: =Test!M6 -> 66.666667 | N6: =Test!N6 -> 62.318841 | O6: =Test!O6 -> 71.014493 | P6: =AVERAGE(K6:O6) -> 64.927536
A7: cleveland | B7: =Training!K7 -> 86.919831 | C7: =Training!L7 -> 90.295359 | D7: =Training!M7 -> 89.915966 | E7: =Training!N7 -> 90.336134 | F7: =Training!O7 -> 89.07563 | G7: =AVERAGE(B7:F7) -> 89.308584 | J7: cleveland | K7: =Test!K7 -> 61.666667 | L7: =Test!L7 -> 56.666667 | M7: =Test!M7 -> 55.932203 | N7: =Test!N7 -> 50.847458 | O7: =Test!O7 -> 50.847458 | P7: =AVERAGE(K7:O7) -> 55.19209
A8: contraceptive | B8: =Training!K8 -> 58.149406 | C8: =Training!L8 -> 60.101868 | D8: =Training!M8 -> 59.083192 | E8: =Training!N8 -> 59.287532 | F8: =Training!O8 -> 58.608991 | G8: =AVERAGE(B8:F8) -> 59.046198 | J8: contraceptive | K8: =Test!K8 -> 49.830508 | L8: =Test!L8 -> 48.135593 | M8: =Test!M8 -> 50.169492 | N8: =Test!N8 -> 46.598639 | O8: =Test!O8 -> 48.639456 | P8: =AVERAGE(K8:O8) -> 48.674738
A9: ecoli | B9: =Training!K9 -> 89.925373 | C9: =Training!L9 -> 91.078067 | D9: =Training!M9 -> 91.078067 | E9: =Training!N9 -> 89.219331 | F9: =Training!O9 -> 91.821561 | G9: =AVERAGE(B9:F9) -> 90.62448 | J9: ecoli | K9: =Test!K9 -> 70.588235 | L9: =Test!L9 -> 82.089552 | M9: =Test!M9 -> 74.626866 | N9: =Test!N9 -> 73.134328 | O9: =Test!O9 -> 85.074627 | P9: =AVERAGE(K9:O9) -> 77.102722
A10: glass | B10: =Training!K10 -> 84.795322 | C10: =Training!L10 -> 84.795322 | D10: =Training!M10 -> 86.549708 | E10: =Training!N10 -> 84.210526 | F10: =Training!O10 -> 83.72093 | G10: =AVERAGE(B10:F10) -> 84.814361 | J10: glass | K10: =Test!K10 -> 67.44186 | L10: =Test!L10 -> 62.790698 | M10: =Test!M10 -> 60.465116 | N10: =Test!N10 -> 60.465116 | O10: =Test!O10 -> 71.428571 | P10: =AVERAGE(K10:O10) -> 64.518272
A11: haberman | B11: =Training!K11 -> 82.786885 | C11: =Training!L11 -> 82.44898 | D11: =Training!M11 -> 84.081633 | E11: =Training!N11 -> 84.897959 | F11: =Training!O11 -> 83.673469 | G11: =AVERAGE(B11:F11) -> 83.577785 | J11: haberman | K11: =Test!K11 -> 75.806452 | L11: =Test!L11 -> 67.213115 | M11: =Test!M11 -> 68.852459 | N11: =Test!N11 -> 75.409836 | O11: =Test!O11 -> 75.409836 | P11: =AVERAGE(K11:O11) -> 72.53834
A12: hayes-roth | B12: =Training!K12 -> 89.52381 | C12: =Training!L12 -> 91.428571 | D12: =Training!M12 -> 91.509434 | E12: =Training!N12 -> 91.509434 | F12: =Training!O12 -> 91.509434 | G12: =AVERAGE(B12:F12) -> 91.096137 | J12: hayes-roth | K12: =Test!K12 -> 88.888889 | L12: =Test!L12 -> 77.777778 | M12: =Test!M12 -> 80.769231 | N12: =Test!N12 -> 73.076923 | O12: =Test!O12 -> 73.076923 | P12: =AVERAGE(K12:O12) -> 78.717949
A13: ion | B13: =Training!K13 -> 99.285714 | C13: =Training!L13 -> 99.288256 | D13: =Training!M13 -> 99.288256 | E13: =Training!N13 -> 98.932384 | F13: =Training!O13 -> 99.288256 | G13: =AVERAGE(B13:F13) -> 99.216573 | J13: ion | K13: =Test!K13 -> 83.098592 | L13: =Test!L13 -> 91.428571 | M13: =Test!M13 -> 87.142857 | N13: =Test!N13 -> 94.285714 | O13: =Test!O13 -> 91.428571 | P13: =AVERAGE(K13:O13) -> 89.476861
... A34: yeast | B34: =Training!K34 -> 61.078349 | C34: =Training!L34 -> 63.437237 | D34: =Training!M34 -> 63.605729 | E34: =Training!N34 -> 63.774221 | F34: =Training!O34 -> 60.26936 | G34: =AVERAGE(B34:F34) -> 62.432979 | J34: yeast | K34: =Test!K34 -> 58.922559 | L34: =Test!L34 -> 58.585859 | M34: =Test!M34 -> 56.565657 | N34: =Test!N34 -> 59.259259 | O34: =Test!O34 -> 59.459459 | P34: =AVERAGE(K34:O34) -> 58.558559
A36: Mean | G36: =AVERAGE(G2:G34) -> 87.67733 | J36: Mean | P36: =AVERAGE(P2:P34) -> 77.862593

Sheet 4_1
A1: Dataset | B1: pt1 | C1: pt2 | D1: pt3 | E1: pt4 | F1: pt5 | G1: Mean | J1: Dataset | K1: pt1 | L1: pt2 | M1: pt3 | N1: pt4 | O1: pt5 | P1: Mean
A2: appendicitis | B2: =Training!P2 -> 95.238095 | C2: =Training!Q2 -> 96.470588 | D2: =Training!R2 -> 96.470588 | E2: =Training!S2 -> 95.294118 | F2: =Training!T2 -> 96.470588 | G2: =AVERAGE(B2:F2) -> 95.988796 | J2: appendicitis | K2: =Test!P2 -> 81.818182 | L2: =Test!Q2 -> 71.428571 | M2: =Test!R2 -> 85.714286 | N2: =Test!S2 -> 95.238095 | O2: =Test!T2 -> 85.714286 | P2: =AVERAGE(K2:O2) -> 83.982684
A3: balance | B3: =Training!P3 -> 86.2 | C3: =Training!Q3 -> 86.4 | D3: =Training!R3 -> 85 | E3: =Training!S3 -> 85 | F3: =Training!T3 -> 84.2 | G3: =AVERAGE(B3:F3) -> 85.36 | J3: balance | K3: =Test!P3 -> 83.2 | L3: =Test!Q3 -> 82.4 | M3: =Test!R3 -> 88 | N3: =Test!S3 -> 84.8 | O3: =Test!T3 -> 83.2 | P3: =AVERAGE(K3:O3) -> 84.32
A4: banana | B4: =Training!P4 -> 85.542453 | C4: =Training!Q4 -> 88.089623 | D4: =Training!R4 -> 86.226415 | E4: =Training!S4 -> 84.386792 | F4: =Training!T4 -> 84.834906 | G4: =AVERAGE(B4:F4) -> 85.816038 | J4: banana | K4: =Test!P4 -> 82.54717 | L4: =Test!Q4 -> 85 | M4: =Test!R4 -> 87.075472 | N4: =Test!S4 -> 87.075472 | O4: =Test!T4 -> 86.320755 | P4: =AVERAGE(K4:O4) -> 85.603774
A5: bands | B5: =Training!P5 -> 87.931034 | C5: =Training!Q5 -> 88.737201 | D5: =Training!R5 -> 87.628866 | E5: =Training!S5 -> 88.77551 | F5: =Training!T5 -> 88.356164 | G5: =AVERAGE(B5:F5) -> 88.285755 | J5: bands | K5: =Test!P5 -> 64 | L5: =Test!Q5 -> 69.444444 | M5: =Test!R5 -> 67.567568 | N5: =Test!S5 -> 76.056338 | O5: =Test!T5 -> 68.493151 | P5: =AVERAGE(K5:O5) -> 69.1123
A6: bupa | B6: =Training!P6 -> 76.449275 | C6: =Training!Q6 -> 81.15942 | D6: =Training!R6 -> 79.710145 | E6: =Training!S6 -> 81.521739 | F6: =Training!T6 -> 80.072464 | G6: =AVERAGE(B6:F6) -> 79.782609 | J6: bupa | K6: =Test!P6 -> 62.318841 | L6: =Test!Q6 -> 62.318841 | M6: =Test!R6 -> 62.318841 | N6: =Test!S6 -> 62.318841 | O6: =Test!T6 -> 72.463768 | P6: =AVERAGE(K6:O6) -> 64.347826
A7: cleveland | B7: =Training!P7 -> 89.029536 | C7: =Training!Q7 -> 90.295359 | D7: =Training!R7 -> 90.756303 | E7: =Training!S7 -> 89.915966 | F7: =Training!T7 -> 88.235294 | G7: =AVERAGE(B7:F7) -> 89.646492 | J7: cleveland | K7: =Test!P7 -> 56.666667 | L7: =Test!Q7 -> 56.666667 | M7: =Test!R7 -> 50.847458 | N7: =Test!S7 -> 47.457627 | O7: =Test!T7 -> 59.322034 | P7: =AVERAGE(K7:O7) -> 54.19209
A8: contraceptive | B8: =Training!P8 -> 58.743633 | C8: =Training!Q8 -> 60.016978 | D8: =Training!R8 -> 59.252971 | E8: =Training!S8 -> 60.220526 | F8: =Training!T8 -> 58.26972 | G8: =AVERAGE(B8:F8) -> 59.300766 | J8: contraceptive | K8: =Test!P8 -> 52.542373 | L8: =Test!Q8 -> 47.79661 | M8: =Test!R8 -> 51.864407 | N8: =Test!S8 -> 55.442177 | O8: =Test!T8 -> 48.979592 | P8: =AVERAGE(K8:O8) -> 51.325032
A9: ecoli | B9: =Training!P9 -> 90.298507 | C9: =Training!Q9 -> 90.334572 | D9: =Training!R9 -> 90.334572 | E9: =Training!S9 -> 88.847584 | F9: =Training!T9 -> 91.449814 | G9: =AVERAGE(B9:F9) -> 90.25301 | J9: ecoli | K9: =Test!P9 -> 69.117647 | L9: =Test!Q9 -> 77.61194 | M9: =Test!R9 -> 70.149254 | N9: =Test!S9 -> 76.119403 | O9: =Test!T9 -> 76.119403 | P9: =AVERAGE(K9:O9) -> 73.823529
A10: glass | B10: =Training!P10 -> 83.625731 | C10: =Training!Q10 -> 85.380117 | D10: =Training!R10 -> 84.795322 | E10: =Training!S10 -> 81.871345 | F10: =Training!T10 -> 84.302326 | G10: =AVERAGE(B10:F10) -> 83.994968 | J10: glass | K10: =Test!P10 -> 67.44186 | L10: =Test!Q10 -> 65.116279 | M10: =Test!R10 -> 69.767442 | N10: =Test!S10 -> 69.767442 | O10: =Test!T10 -> 64.285714 | P10: =AVERAGE(K10:O10) -> 67.275748
A11: haberman | B11: =Training!P11 -> 82.377049 | C11: =Training!Q11 -> 83.265306 | D11: =Training!R11 -> 83.673469 | E11: =Training!S11 -> 84.897959 | F11: =Training!T11 -> 83.673469 | G11: =AVERAGE(B11:F11) -> 83.577451 | J11: haberman | K11: =Test!P11 -> 80.645161 | L11: =Test!Q11 -> 68.852459 | M11: =Test!R11 -> 73.770492 | N11: =Test!S11 -> 70.491803 | O11: =Test!T11 -> 77.04918 | P11: =AVERAGE(K11:O11) -> 74.161819
A12: hayes-roth | B12: =Training!P12 -> 89.52381 | C12: =Training!Q12 -> 91.428571 | D12: =Training!R12 -> 91.509434 | E12: =Training!S12 -> 91.509434 | F12: =Training!T12 -> 91.509434 | G12: =AVERAGE(B12:F12) -> 91.096137 | J12: hayes-roth | K12: =Test!P12 -> 88.888889 | L12: =Test!Q12 -> 77.777778 | M12: =Test!R12 -> 80.769231 | N12: =Test!S12 -> 73.076923 | O12: =Test!T12 -> 73.076923 | P12: =AVERAGE(K12:O12) -> 78.717949
A13: ion | B13: =Training!P13 -> 99.285714 | C13: =Training!Q13 -> 99.644128 | D13: =Training!R13 -> 100 | E13: =Training!S13 -> 98.932384 | F13: =Training!T13 -> 98.932384 | G13: =AVERAGE(B13:F13) -> 99.358922 | J13: ion | K13: =Test!P13 -> 76.056338 | L13: =Test!Q13 -> 88.571429 | M13: =Test!R13 -> 88.571429 | N13: =Test!S13 -> 94.285714 | O13: =Test!T13 -> 85.714286 | P13: =AVERAGE(K13:O13) -> 86.639839
... A34: yeast | B34: =Training!P34 -> 61.583825 | C34: =Training!Q34 -> 63.437237 | D34: =Training!R34 -> 63.437237 | E34: =Training!S34 -> 63.942713 | F34: =Training!T34 -> 60.942761 | G34: =AVERAGE(B34:F34) -> 62.668754 | J34: yeast | K34: =Test!P34 -> 58.585859 | L34: =Test!Q34 -> 60.606061 | M34: =Test!R34 -> 56.565657 | N34: =Test!S34 -> 55.555556 | O34: =Test!T34 -> 55.743243 | P34: =AVERAGE(K34:O34) -> 57.411275
A36: Mean | G36: =AVERAGE(G2:G34) -> 87.829385 | J36: Mean | P36: =AVERAGE(P2:P34) -> 79.100379

Sheet 5_1
A1: Dataset | B1: pt1 | C1: pt2 | D1: pt3 | E1: pt4 | F1: pt5 | G1: Mean | J1: Dataset | K1: pt1 | L1: pt2 | M1: pt3 | N1: pt4 | O1: pt5 | P1: Mean
A2: appendicitis | B2: =Training!U2 -> 95.238095 | C2: =Training!V2 -> 95.294118 | D2: =Training!W2 -> 96.470588 | E2: =Training!X2 -> 98.823529 | F2: =Training!Y2 -> 96.470588 | G2: =AVERAGE(B2:F2) -> 96.459384 | J2: appendicitis | K2: =Test!U2 -> 90.909091 | L2: =Test!V2 -> 80.952381 | M2: =Test!W2 -> 90.47619 | N2: =Test!X2 -> 90.47619 | O2: =Test!Y2 -> 85.714286 | P2: =AVERAGE(K2:O2) -> 87.705628
A3: balance | B3: =Training!U3 -> 87.2 | C3: =Training!V3 -> 86 | D3: =Training!W3 -> 86.4 | E3: =Training!X3 -> 87 | F3: =Training!Y3 -> 86 | G3: =AVERAGE(B3:F3) -> 86.52 | J3: balance | K3: =Test!U3 -> 84 | L3: =Test!V3 -> 81.6 | M3: =Test!W3 -> 80 | N3: =Test!X3 -> 82.4 | O3: =Test!Y3 -> 85.6 | P3: =AVERAGE(K3:O3) -> 82.72
A4: banana | B4: =Training!U4 -> 87.665094 | C4: =Training!V4 -> 85.283019 | D4: =Training!W4 -> 85.943396 | E4: =Training!X4 -> 86.273585 | F4: =Training!Y4 -> 87.075472 | G4: =AVERAGE(B4:F4) -> 86.448113 | J4: banana | K4: =Test!U4 -> 86.981132 | L4: =Test!V4 -> 84.622642 | M4: =Test!W4 -> 86.981132 | N4: =Test!X4 -> 85.849057 | O4: =Test!Y4 -> 86.037736 | P4: =AVERAGE(K4:O4) -> 86.09434
A5: bands | B5: =Training!U5 -> 89.310345 | C5: =Training!V5 -> 87.372014 | D5: =Training!W5 -> 86.941581 | E5: =Training!X5 -> 88.435374 | F5: =Training!Y5 -> 87.328767 | G5: =AVERAGE(B5:F5) -> 87.877616 | J5: bands | K5: =Test!U5 -> 65.333333 | L5: =Test!V5 -> 72.222222 | M5: =Test!W5 -> 67.567568 | N5: =Test!X5 -> 67.605634 | O5: =Test!Y5 -> 71.232877 | P5: =AVERAGE(K5:O5) -> 68.792327
A6: bupa | B6: =Training!U6 -> 78.26087 | C6: =Training!V6 -> 81.884058 | D6: =Training!W6 -> 79.710145 | E6: =Training!X6 -> 80.072464 | F6: =Training!Y6 -> 81.521739 | G6: =AVERAGE(B6:F6) -> 80.289855 | J6: bupa | K6: =Test!U6 -> 65.217391 | L6: =Test!V6 -> 65.217391 | M6: =Test!W6 -> 68.115942 | N6: =Test!X6 -> 62.318841 | O6: =Test!Y6 -> 71.014493 | P6: =AVERAGE(K6:O6) -> 66.376812
A7: cleveland | B7: =Training!U7 -> 86.075949 | C7: =Training!V7 -> 90.7173 | D7: =Training!W7 -> 90.756303 | E7: =Training!X7 -> 89.495798 | F7: =Training!Y7 -> 87.394958 | G7: =AVERAGE(B7:F7) -> 88.888062 | J7: cleveland | K7: =Test!U7 -> 63.333333 | L7: =Test!V7 -> 53.333333 | M7: =Test!W7 -> 55.932203 | N7: =Test!X7 -> 52.542373 | O7: =Test!Y7 -> 59.322034 | P7: =AVERAGE(K7:O7) -> 56.892655
A8: contraceptive | B8: =Training!U8 -> 59.932088 | C8: =Training!V8 -> 60.611205 | D8: =Training!W8 -> 61.205433 | E8: =Training!X8 -> 59.372349 | F8: =Training!Y8 -> 60.390161 | G8: =AVERAGE(B8:F8) -> 60.302247 | J8: contraceptive | K8: =Test!U8 -> 58.305085 | L8: =Test!V8 -> 43.389831 | M8: =Test!W8 -> 48.135593 | N8: =Test!X8 -> 45.918367 | O8: =Test!Y8 -> 46.938776 | P8: =AVERAGE(K8:O8) -> 48.53753
A9: ecoli | B9: =Training!U9 -> 88.432836 | C9: =Training!V9 -> 90.334572 | D9: =Training!W9 -> 90.334572 | E9: =Training!X9 -> 88.475836 | F9: =Training!Y9 -> 91.449814 | G9: =AVERAGE(B9:F9) -> 89.805526 | J9: ecoli | K9: =Test!U9 -> 69.117647 | L9: =Test!V9 -> 79.104478 | M9: =Test!W9 -> 71.641791 | N9: =Test!X9 -> 79.104478 | O9: =Test!Y9 -> 88.059701 | P9: =AVERAGE(K9:O9) -> 77.405619
A10: glass | B10: =Training!U10 -> 81.871345 | C10: =Training!V10 -> 85.964912 | D10: =Training!W10 -> 84.795322 | E10: =Training!X10 -> 85.380117 | F10: =Training!Y10 -> 83.72093 | G10: =AVERAGE(B10:F10) -> 84.346525 | J10: glass | K10: =Test!U10 -> 60.465116 | L10: =Test!V10 -> 60.465116 | M10: =Test!W10 -> 55.813953 | N10: =Test!X10 -> 62.790698 | O10: =Test!Y10 -> 64.285714 | P10: =AVERAGE(K10:O10) -> 60.76412
A11: haberman | B11: =Training!U11 -> 82.786885 | C11: =Training!V11 -> 82.44898 | D11: =Training!W11 -> 84.081633 | E11: =Training!X11 -> 83.673469 | F11: =Training!Y11 -> 83.265306 | G11: =AVERAGE(B11:F11) -> 83.251255 | J11: haberman | K11: =Test!U11 -> 77.419355 | L11: =Test!V11 -> 65.57377 | M11: =Test!W11 -> 75.409836 | N11: =Test!X11 -> 70.491803 | O11: =Test!Y11 -> 75.409836 | P11: =AVERAGE(K11:O11) -> 72.86092
A12: hayes-roth | B12: =Training!U12 -> 89.52381 | C12: =Training!V12 -> 91.428571 | D12: =Training!W12 -> 91.509434 | E12: =Training!X12 -> 91.509434 | F12: =Training!Y12 -> 91.509434 | G12: =AVERAGE(B12:F12) -> 91.096137 | J12: hayes-roth | K12: =Test!U12 -> 88.888889 | L12: =Test!V12 -> 77.777778 | M12: =Test!W12 -> 80.769231 | N12: =Test!X12 -> 73.076923 | O12: =Test!Y12 -> 73.076923 | P12: =AVERAGE(K12:O12) -> 78.717949
A13: ion | B13: =Training!U13 -> 98.571429 | C13: =Training!V13 -> 99.644128 | D13: =Training!W13 -> 99.288256 | E13: =Training!X13 -> 98.932384 | F13: =Training!Y13 -> 98.932384 | G13: =AVERAGE(B13:F13) -> 99.073716 | J13: ion | K13: =Test!U13 -> 84.507042 | L13: =Test!V13 -> 87.142857 | M13: =Test!W13 -> 87.142857 | N13: =Test!X13 -> 94.285714 | O13: =Test!Y13 -> 84.285714 | P13: =AVERAGE(K13:O13) -> 87.472837
... A34: yeast | B34: =Training!U34 -> 60.488627 | C34: =Training!V34 -> 63.689975 | D34: =Training!W34 -> 63.016007 | E34: =Training!X34 -> 63.016007 | F34: =Training!Y34 -> 59.511785 | G34: =AVERAGE(B34:F34) -> 61.94448 | J34: yeast | K34: =Test!U34 -> 54.208754 | L34: =Test!V34 -> 58.922559 | M34: =Test!W34 -> 52.188552 | N34: =Test!X34 -> 55.555556 | O34: =Test!Y34 -> 57.77027 | P34: =AVERAGE(K34:O34) -> 55.729138
A36: Mean | G36: =AVERAGE(G2:G34) -> 87.878193 | J36: Mean | P36: =AVERAGE(P2:P34) -> 79.095342

Sheet 6_1
A1: Dataset | B1: pt1 | C1: pt2 | D1: pt3 | E1: pt4 | F1: pt5 | G1: Mean | J1: Dataset | K1: pt1 | L1: pt2 | M1: pt3 | N1: pt4 | O1: pt5 | P1: Mean
A2: appendicitis | B2: =Training!Z2 -> 95.238095 | C2: =Training!AA2 -> 96.470588 | D2: =Training!AB2 -> 97.647059 | E2: =Training!AC2 -> 96.470588 | F2: =Training!AD2 -> 96.470588 | G2: =AVERAGE(B2:F2) -> 96.459384 | J2: appendicitis | K2: =Test!Z2 -> 81.818182 | L2: =Test!AA2 -> 76.190476 | M2: =Test!AB2 -> 85.714286 | N2: =Test!AC2 -> 90.47619 | O2: =Test!AD2 -> 80.952381 | P2: =AVERAGE(K2:O2) -> 83.030303
A3: balance | B3: =Training!Z3 -> 92.2 | C3: =Training!AA3 -> 92.2 | D3: =Training!AB3 -> 92 | E3: =Training!AC3 -> 91.8 | F3: =Training!AD3 -> 92.2 | G3: =AVERAGE(B3:F3) -> 92.08 | J3: balance | K3: =Test!Z3 -> 88 | L3: =Test!AA3 -> 88 | M3: =Test!AB3 -> 89.6 | N3: =Test!AC3 -> 88 | O3: =Test!AD3 -> 88.8 | P3: =AVERAGE(K3:O3) -> 88.48
A4: banana | B4: =Training!Z4 -> 84.504717 | C4: =Training!AA4 -> 86.273585 | D4: =Training!AB4 -> 82.712264 | E4: =Training!AC4 -> 84.103774 | F4: =Training!AD4 -> 86.320755 | G4: =AVERAGE(B4:F4) -> 84.783019 | J4: banana | K4: =Test!Z4 -> 81.792453 | L4: =Test!AA4 -> 85 | M4: =Test!AB4 -> 83.962264 | N4: =Test!AC4 -> 83.113208 | O4: =Test!AD4 -> 84.528302 | P4: =AVERAGE(K4:O4) -> 83.679245
A5: bands | B5: =Training!Z5 -> 90 | C5: =Training!AA5 -> 86.348123 | D5: =Training!AB5 -> 85.56701 | E5: =Training!AC5 -> 87.07483 | F5: =Training!AD5 -> 89.726027 | G5: =AVERAGE(B5:F5) -> 87.743198 | J5: bands | K5: =Test!Z5 -> 68 | L5: =Test!AA5 -> 69.444444 | M5: =Test!AB5 -> 70.27027 | N5: =Test!AC5 -> 74.647887 | O5: =Test!AD5 -> 63.013699 | P5: =AVERAGE(K5:O5) -> 69.07526
A6: bupa | B6: =Training!Z6 -> 77.173913 | C6: =Training!AA6 -> 79.710145 | D6: =Training!AB6 -> 79.347826 | E6: =Training!AC6 -> 76.449275 | F6: =Training!AD6 -> 77.536232 | G6: =AVERAGE(B6:F6) -> 78.043478 | J6: bupa | K6: =Test!Z6 -> 53.623188 | L6: =Test!AA6 -> 62.318841 | M6: =Test!AB6 -> 63.768116 | N6: =Test!AC6 -> 66.666667 | O6: =Test!AD6 -> 71.014493 | P6: =AVERAGE(K6:O6) -> 63.478261
A7: cleveland | B7: =Training!Z7 -> 89.029536 | C7: =Training!AA7 -> 88.185654 | D7: =Training!AB7 -> 89.915966 | E7: =Training!AC7 -> 87.394958 | F7: =Training!AD7 -> 87.815126 | G7: =AVERAGE(B7:F7) -> 88.468248 | J7: cleveland | K7: =Test!Z7 -> 58.333333 | L7: =Test!AA7 -> 45 | M7: =Test!AB7 -> 57.627119 | N7: =Test!AC7 -> 61.016949 | O7: =Test!AD7 -> 64.40678 | P7: =AVERAGE(K7:O7) -> 57.276836
A8: contraceptive | B8: =Training!Z8 -> 61.205433 | C8: =Training!AA8 -> 62.478778 | D8: =Training!AB8 -> 62.478778 | E8: =Training!AC8 -> 62.256149 | F8: =Training!AD8 -> 62.59542 | G8: =AVERAGE(B8:F8) -> 62.202911 | J8: contraceptive | K8: =Test!Z8 -> 53.898305 | L8: =Test!AA8 -> 51.525424 | M8: =Test!AB8 -> 51.186441 | N8: =Test!AC8 -> 53.741497 | O8: =Test!AD8 -> 52.040816 | P8: =AVERAGE(K8:O8) -> 52.478496
A9: ecoli | B9: =Training!Z9 -> 92.537313 | C9: =Training!AA9 -> 91.078067 | D9: =Training!AB9 -> 92.193309 | E9: =Training!AC9 -> 88.847584 | F9: =Training!AD9 -> 91.821561 | G9: =AVERAGE(B9:F9) -> 91.295567 | J9: ecoli | K9: =Test!Z9 -> 73.529412 | L9: =Test!AA9 -> 79.104478 | M9: =Test!AB9 -> 77.61194 | N9: =Test!AC9 -> 82.089552 | O9: =Test!AD9 -> 85.074627 | P9: =AVERAGE(K9:O9) -> 79.482002
A10: glass | B10: =Training!Z10 -> 82.45614 | C10: =Training!AA10 -> 84.210526 | D10: =Training!AB10 -> 87.719298 | E10: =Training!AC10 -> 80.701754 | F10: =Training!AD10 -> 80.232558 | G10: =AVERAGE(B10:F10) -> 83.064055 | J10: glass | K10: =Test!Z10 -> 60.465116 | L10: =Test!AA10 -> 62.790698 | M10: =Test!AB10 -> 67.44186 | N10: =Test!AC10 -> 69.767442 | O10: =Test!AD10 -> 69.047619 | P10: =AVERAGE(K10:O10) -> 65.902547
A11: haberman | B11: =Training!Z11 -> 81.557377 | C11: =Training!AA11 -> 83.673469 | D11: =Training!AB11 -> 81.632653 | E11: =Training!AC11 -> 82.44898 | F11: =Training!AD11 -> 84.081633 | G11: =AVERAGE(B11:F11) -> 82.678822 | J11: haberman | K11: =Test!Z11 -> 79.032258 | L11: =Test!AA11 -> 67.213115 | M11: =Test!AB11 -> 68.852459 | N11: =Test!AC11 -> 65.57377 | O11: =Test!AD11 -> 73.770492 | P11: =AVERAGE(K11:O11) -> 70.888419
A12: hayes-roth | B12: =Training!Z12 -> 89.52381 | C12: =Training!AA12 -> 91.428571 | D12: =Training!AB12 -> 91.509434 | E12: =Training!AC12 -> 91.509434 | F12: =Training!AD12 -> 92.45283 | G12: =AVERAGE(B12:F12) -> 91.284816 | J12: hayes-roth | K12: =Test!Z12 -> 88.888889 | L12: =Test!AA12 -> 81.481481 | M12: =Test!AB12 -> 80.769231 | N12: =Test!AC12 -> 76.923077 | O12: =Test!AD12 -> 76.923077 | P12: =AVERAGE(K12:O12) -> 80.997151
A13: ion | B13: =Training!Z13 -> 99.285714 | C13: =Training!AA13 -> 98.576512 | D13: =Training!AB13 -> 98.932384 | E13: =Training!AC13 -> 98.576512 | F13: =Training!AD13 -> 98.576512 | G13: =AVERAGE(B13:F13) -> 98.789527 | J13: ion | K13: =Test!Z13 -> 84.507042 | L13: =Test!AA13 -> 91.428571 | M13: =Test!AB13 -> 90 | N13: =Test!AC13 -> 95.714286 | O13: =Test!AD13 -> 88.571429 | P13: =AVERAGE(K13:O13) -> 90.044266
... A34: yeast | B34: =Training!Z34 -> 62.594777 | C34: =Training!AA34 -> 64.111205 | D34: =Training!AB34 -> 63.942713 | E34: =Training!AC34 -> 63.016007 | F34: =Training!AD34 -> 62.289562 | G34: =AVERAGE(B34:F34) -> 63.190853 | J34: yeast | K34: =Test!Z34 -> 59.259259 | L34: =Test!AA34 -> 59.259259 | M34: =Test!AB34 -> 57.912458 | N34: =Test!AC34 -> 56.228956 | O34: =Test!AD34 -> 57.094595 | P34: =AVERAGE(K34:O34) -> 57.950905
A36: Mean | G36: =AVERAGE(G2:G34) -> 88.783163 | J36: Mean | P36: =AVERAGE(P2:P34) -> 79.777955

Sheet 8_1
A1: Dataset | B1: pt1 | C1: pt2 | D1: pt3 | E1: pt4 | F1: pt5 | G1: Mean | J1: Dataset | K1: pt1 | L1: pt2 | M1: pt3 | N1: pt4 | O1: pt5 | P1: Mean
A2: appendicitis | B2: =Training!AJ2 -> 95.238095 | C2: =Training!AK2 -> 96.470588 | D2: =Training!AL2 -> 96.470588 | E2: =Training!AM2 -> 95.294118 | F2: =Training!AN2 -> 96.470588 | G2: =AVERAGE(B2:F2) -> 95.988796 | J2: appendicitis | K2: =Test!AJ2 -> 81.818182 | L2: =Test!AK2 -> 80.952381 | M2: =Test!AL2 -> 90.47619 | N2: =Test!AM2 -> 90.47619 | O2: =Test!AN2 -> 76.190476 | P2: =AVERAGE(K2:O2) -> 83.982684
A3: balance | B3: =Training!AJ3 -> 85.4 | C3: =Training!AK3 -> 86.2 | D3: =Training!AL3 -> 88 | E3: =Training!AM3 -> 85.8 | F3: =Training!AN3 -> 85.2 | G3: =AVERAGE(B3:F3) -> 86.12 | J3: balance | K3: =Test!AJ3 -> 80.8 | L3: =Test!AK3 -> 81.6 | M3: =Test!AL3 -> 85.6 | N3: =Test!AM3 -> 80.8 | O3: =Test!AN3 -> 80.8 | P3: =AVERAGE(K3:O3) -> 81.92
A4: banana | B4: =Training!AJ4 -> 86.981132 | C4: =Training!AK4 -> 88.066038 | D4: =Training!AL4 -> 86.037736 | E4: =Training!AM4 -> 87.877358 | F4: =Training!AN4 -> 84.834906 | G4: =AVERAGE(B4:F4) -> 86.759434 | J4: banana | K4: =Test!AJ4 -> 83.962264 | L4: =Test!AK4 -> 84.811321 | M4: =Test!AL4 -> 85 | N4: =Test!AM4 -> 86.509434 | O4: =Test!AN4 -> 85.566038 | P4: =AVERAGE(K4:O4) -> 85.169811
A5: bands | B5: =Training!AJ5 -> 88.965517 | C5: =Training!AK5 -> 87.372014 | D5: =Training!AL5 -> 87.285223 | E5: =Training!AM5 -> 89.795918 | F5: =Training!AN5 -> 88.013699 | G5: =AVERAGE(B5:F5) -> 88.286474 | J5: bands | K5: =Test!AJ5 -> 62.666667 | L5: =Test!AK5 -> 63.888889 | M5: =Test!AL5 -> 68.918919 | N5: =Test!AM5 -> 69.014085 | O5: =Test!AN5 -> 65.753425 | P5: =AVERAGE(K5:O5) -> 66.048397
A6: bupa | B6: =Training!AJ6 -> 77.898551 | C6: =Training!AK6 -> 83.333333 | D6: =Training!AL6 -> 81.884058 | E6: =Training!AM6 -> 80.797101 | F6: =Training!AN6 -> 82.246377 | G6: =AVERAGE(B6:F6) -> 81.231884 | J6: bupa | K6: =Test!AJ6 -> 66.666667 | L6: =Test!AK6 -> 62.318841 | M6: =Test!AL6 -> 62.318841 | N6: =Test!AM6 -> 63.768116 | O6: =Test!AN6 -> 75.362319 | P6: =AVERAGE(K6:O6) -> 66.086957
A7: cleveland | B7: =Training!AJ7 -> 89.029536 | C7: =Training!AK7 -> 90.7173 | D7: =Training!AL7 -> 89.495798 | E7: =Training!AM7 -> 91.176471 | F7: =Training!AN7 -> 90.336134 | G7: =AVERAGE(B7:F7) -> 90.151048 | J7: cleveland | K7: =Test!AJ7 -> 58.333333 | L7: =Test!AK7 -> 46.666667 | M7: =Test!AL7 -> 57.627119 | N7: =Test!AM7 -> 49.152542 | O7: =Test!AN7 -> 57.627119 | P7: =AVERAGE(K7:O7) -> 53.881356
A8: contraceptive | B8: =Training!AJ8 -> 60.696095 | C8: =Training!AK8 -> 60.950764 | D8: =Training!AL8 -> 59.337861 | E8: =Training!AM8 -> 58.948261 | F8: =Training!AN8 -> 59.372349 | G8: =AVERAGE(B8:F8) -> 59.861066 | J8: contraceptive | K8: =Test!AJ8 -> 51.525424 | L8: =Test!AK8 -> 49.830508 | M8: =Test!AL8 -> 53.220339 | N8: =Test!AM8 -> 51.70068 | O8: =Test!AN8 -> 52.040816 | P8: =AVERAGE(K8:O8) -> 51.663554
A9: ecoli | B9: =Training!AJ9 -> 89.925373 | C9: =Training!AK9 -> 89.591078 | D9: =Training!AL9 -> 91.078067 | E9: =Training!AM9 -> 88.104089 | F9: =Training!AN9 -> 90.70632 | G9: =AVERAGE(B9:F9) -> 89.880985 | J9: ecoli | K9: =Test!AJ9 -> 70.588235 | L9: =Test!AK9 -> 76.119403 | M9: =Test!AL9 -> 71.641791 | N9: =Test!AM9 -> 77.61194 | O9: =Test!AN9 -> 83.58209 | P9: =AVERAGE(K9:O9) -> 75.908692
A10: glass | B10: =Training!AJ10 -> 81.28655 | C10: =Training!AK10 -> 87.134503 | D10: =Training!AL10 -> 85.380117 | E10: =Training!AM10 -> 81.871345 | F10: =Training!AN10 -> 81.976744 | G10: =AVERAGE(B10:F10) -> 83.529852 | J10: glass | K10: =Test!AJ10 -> 60.465116 | L10: =Test!AK10 -> 62.790698 | M10: =Test!AL10 -> 65.116279 | N10: =Test!AM10 -> 62.790698 | O10: =Test!AN10 -> 61.904762 | P10: =AVERAGE(K10:O10) -> 62.613511
A11: haberman | B11: =Training!AJ11 -> 84.42623 | C11: =Training!AK11 -> 84.897959 | D11: =Training!AL11 -> 84.489796 | E11: =Training!AM11 -> 83.265306 | F11: =Training!AN11 -> 84.081633 | G11: =AVERAGE(B11:F11) -> 84.232185 | J11: haberman | K11: =Test!AJ11 -> 77.419355 | L11: =Test!AK11 -> 68.852459 | M11: =Test!AL11 -> 73.770492 | N11: =Test!AM11 -> 77.04918 | O11: =Test!AN11 -> 73.770492 | P11: =AVERAGE(K11:O11) -> 74.172396
A12: hayes-roth | B12: =Training!AJ12 -> 89.52381 | C12: =Training!AK12 -> 91.428571 | D12: =Training!AL12 -> 91.509434 | E12: =Training!AM12 -> 91.509434 | F12: =Training!AN12 -> 91.509434 | G12: =AVERAGE(B12:F12) -> 91.096137 | J12: hayes-roth | K12: =Test!AJ12 -> 88.888889 | L12: =Test!AK12 -> 77.777778 | M12: =Test!AL12 -> 80.769231 | N12: =Test!AM12 -> 73.076923 | O12: =Test!AN12 -> 73.076923 | P12: =AVERAGE(K12:O12) -> 78.717949
A13: ion | B13: =Training!AJ13 -> 98.571429 | C13: =Training!AK13 -> 99.644128 | D13: =Training!AL13 -> 98.932384 | E13: =Training!AM13 -> 98.220641 | F13: =Training!AN13 -> 98.220641 | G13: =AVERAGE(B13:F13) -> 98.717844 | J13: ion | K13: =Test!AJ13 -> 78.873239 | L13: =Test!AK13 -> 92.857143 | M13: =Test!AL13 -> 87.142857 | N13: =Test!AM13 -> 92.857143 | O13: =Test!AN13 -> 87.142857 | P13: =AVERAGE(K13:O13) -> 87.774648
... A34: yeast | B34: =Training!AJ34 -> 62.426285 | C34: =Training!AK34 -> 64.111205 | D34: =Training!AL34 -> 62.763269 | E34: =Training!AM34 -> 62.173547 | F34: =Training!AN34 -> 61.616162 | G34: =AVERAGE(B34:F34) -> 62.618093 | J34: yeast | K34: =Test!AJ34 -> 56.902357 | L34: =Test!AK34 -> 57.239057 | M34: =Test!AL34 -> 58.249158 | N34: =Test!AM34 -> 57.239057 | O34: =Test!AN34 -> 56.081081 | P34: =AVERAGE(K34:O34) -> 57.142142
A36: Mean | G36: =AVERAGE(G2:G34) -> 87.96933 | J36: Mean | P36: =AVERAGE(P2:P34) -> 78.792409

Sheet 9_1
A1: Dataset | B1: pt1 | C1: pt2 | D1: pt3 | E1: pt4 | F1: pt5 | G1: Mean | J1: Dataset | K1: pt1 | L1: pt2 | M1: pt3 | N1: pt4 | O1: pt5 | P1: Mean
A2: appendicitis | B2: =Training!AO2 -> 95.238095 | C2: =Training!AP2 -> 96.470588 | D2: =Training!AQ2 -> 96.470588 | E2: =Training!AR2 -> 98.823529 | F2: =Training!AS2 -> 95.294118 | G2: =AVERAGE(B2:F2) -> 96.459384 | J2: appendicitis | K2: =Test!AO2 -> 86.363636 | L2: =Test!AP2 -> 76.190476 | M2: =Test!AQ2 -> 85.714286 | N2: =Test!AR2 -> 95.238095 | O2: =Test!AS2 -> 76.190476 | P2: =AVERAGE(K2:O2) -> 83.939394
A3: balance | B3: =Training!AO3 -> 85.2 | C3: =Training!AP3 -> 85.4 | D3: =Training!AQ3 -> 84.8 | E3: =Training!AR3 -> 87.6 | F3: =Training!AS3 -> 86 | G3: =AVERAGE(B3:F3) -> 85.8 | J3: balance | K3: =Test!AO3 -> 86.4 | L3: =Test!AP3 -> 83.2 | M3: =Test!AQ3 -> 87.2 | N3: =Test!AR3 -> 86.4 | O3: =Test!AS3 -> 79.2 | P3: =AVERAGE(K3:O3) -> 84.48
A4: banana | B4: =Training!AO4 -> 85.589623 | C4: =Training!AP4 -> 87.099057 | D4: =Training!AQ4 -> 85.495283 | E4: =Training!AR4 -> 85.259434 | F4: =Training!AS4 -> 84.433962 | G4: =AVERAGE(B4:F4) -> 85.575472 | J4: banana | K4: =Test!AO4 -> 83.207547 | L4: =Test!AP4 -> 83.018868 | M4: =Test!AQ4 -> 85.283019 | N4: =Test!AR4 -> 85 | O4: =Test!AS4 -> 85.283019 | P4: =AVERAGE(K4:O4) -> 84.358491
A5: bands | B5: =Training!AO5 -> 88.275862 | C5: =Training!AP5 -> 88.054608 | D5: =Training!AQ5 -> 87.285223 | E5: =Training!AR5 -> 86.734694 | F5: =Training!AS5 -> 86.30137 | G5: =AVERAGE(B5:F5) -> 87.330351 | J5: bands | K5: =Test!AO5 -> 68 | L5: =Test!AP5 -> 72.222222 | M5: =Test!AQ5 -> 74.324324 | N5: =Test!AR5 -> 69.014085 | O5: =Test!AS5 -> 67.123288 | P5: =AVERAGE(K5:O5) -> 70.136784
A6: bupa | B6: =Training!AO6 -> 78.985507 | C6: =Training!AP6 -> 81.884058 | D6: =Training!AQ6 -> 78.623188 | E6: =Training!AR6 -> 80.434783 | F6: =Training!AS6 -> 82.971014 | G6: =AVERAGE(B6:F6) -> 80.57971 | J6: bupa | K6: =Test!AO6 -> 62.318841 | L6: =Test!AP6 -> 66.666667 | M6: =Test!AQ6 -> 60.869565 | N6: =Test!AR6 -> 62.318841 | O6: =Test!AS6 -> 75.362319 | P6: =AVERAGE(K6:O6) -> 65.507246
A7: cleveland | B7: =Training!AO7 -> 88.185654 | C7: =Training!AP7 -> 91.139241 | D7: =Training!AQ7 -> 90.336134 | E7: =Training!AR7 -> 90.336134 | F7: =Training!AS7 -> 86.134454 | G7: =AVERAGE(B7:F7) -> 89.226323 | J7: cleveland | K7: =Test!AO7 -> 61.666667 | L7: =Test!AP7 -> 48.333333 | M7: =Test!AQ7 -> 55.932203 | N7: =Test!AR7 -> 44.067797 | O7: =Test!AS7 -> 54.237288 | P7: =AVERAGE(K7:O7) -> 52.847458
A8: contraceptive | B8: =Training!AO8 -> 59.932088 | C8: =Training!AP8 -> 60.101868 | D8: =Training!AQ8 -> 60.441426 | E8: =Training!AR8 -> 58.693808 | F8: =Training!AS8 -> 58.778626 | G8: =AVERAGE(B8:F8) -> 59.589563 | J8: contraceptive | K8: =Test!AO8 -> 53.220339 | L8: =Test!AP8 -> 40.677966 | M8: =Test!AQ8 -> 52.881356 | N8: =Test!AR8 -> 51.020408 | O8: =Test!AS8 -> 52.380952 | P8: =AVERAGE(K8:O8) -> 50.036204
A9: ecoli | B9: =Training!AO9 -> 88.80597 | C9: =Training!AP9 -> 89.962825 | D9: =Training!AQ9 -> 90.334572 | E9: =Training!AR9 -> 89.591078 | F9: =Training!AS9 -> 89.591078 | G9: =AVERAGE(B9:F9) -> 89.657105 | J9: ecoli | K9: =Test!AO9 -> 73.529412 | L9: =Test!AP9 -> 77.61194 | M9: =Test!AQ9 -> 74.626866 | N9: =Test!AR9 -> 77.61194 | O9: =Test!AS9 -> 83.58209 | P9: =AVERAGE(K9:O9) -> 77.39245
A10: glass | B10: =Training!AO10 -> 81.28655 | C10: =Training!AP10 -> 84.210526 | D10: =Training!AQ10 -> 85.380117 | E10: =Training!AR10 -> 80.701754 | F10: =Training!AS10 -> 82.55814 | G10: =AVERAGE(B10:F10) -> 82.827417 | J10: glass | K10: =Test!AO10 -> 55.813953 | L10: =Test!AP10 -> 58.139535 | M10: =Test!AQ10 -> 58.139535 | N10: =Test!AR10 -> 65.116279 | O10: =Test!AS10 -> 64.285714 | P10: =AVERAGE(K10:O10) -> 60.299003
A11: haberman | B11: =Training!AO11 -> 83.196721 | C11: =Training!AP11 -> 84.489796 | D11: =Training!AQ11 -> 82.44898 | E11: =Training!AR11 -> 82.857143 | F11: =Training!AS11 -> 85.306122 | G11: =AVERAGE(B11:F11) -> 83.659752 | J11: haberman | K11: =Test!AO11 -> 79.032258 | L11: =Test!AP11 -> 67.213115 | M11: =Test!AQ11 -> 77.04918 | N11: =Test!AR11 -> 72.131148 | O11: =Test!AS11 -> 77.04918 | P11: =AVERAGE(K11:O11) -> 74.494976
A12: hayes-roth | B12: =Training!AO12 -> 89.52381 | C12: =Training!AP12 -> 91.428571 | D12: =Training!AQ12 -> 91.509434 | E12: =Training!AR12 -> 91.509434 | F12: =Training!AS12 -> 91.509434 | G12: =AVERAGE(B12:F12) -> 91.096137 | J12: hayes-roth | K12: =Test!AO12 -> 88.888889 | L12: =Test!AP12 -> 77.777778 | M12: =Test!AQ12 -> 80.769231 | N12: =Test!AR12 -> 73.076923 | O12: =Test!AS12 -> 73.076923 | P12: =AVERAGE(K12:O12) -> 78.717949
A13: ion | B13: =Training!AO13 -> 98.571429 | C13: =Training!AP13 -> 99.288256 | D13: =Training!AQ13 -> 98.576512 | E13: =Training!AR13 -> 98.932384 | F13: =Training!AS13 -> 98.220641 | G13: =AVERAGE(B13:F13) -> 98.717844 | J13: ion | K13: =Test!AO13 -> 85.915493 | L13: =Test!AP13 -> 90 | M13: =Test!AQ13 -> 84.285714 | N13: =Test!AR13 -> 94.285714 | O13: =Test!AS13 -> 87.142857 | P13: =AVERAGE(K13:O13) -> 88.325956
... A34: yeast | B34: =Training!AO34 -> 60.657119 | C34: =Training!AP34 -> 63.016007 | D34: =Training!AQ34 -> 63.016007 | E34: =Training!AR34 -> 63.352991 | F34: =Training!AS34 -> 61.616162 | G34: =AVERAGE(B34:F34) -> 62.331657 | J34: yeast | K34: =Test!AO34 -> 55.892256 | L34: =Test!AP34 -> 55.892256 | M34: =Test!AQ34 -> 53.872054 | N34: =Test!AR34 -> 55.892256 | O34: =Test!AS34 -> 52.027027 | P34: =AVERAGE(K34:O34) -> 54.71517
A36: Mean | G36: =AVERAGE(G2:G34) -> 87.676791 | J36: Mean | P36: =AVERAGE(P2:P34) -> 78.842828

Sheet 10_1
A1: Dataset | B1: pt1 | C1: pt2 | D1: pt3 | E1: pt4 | F1: pt5 | G1: Mean | J1: Dataset | K1: pt1 | L1: pt2 | M1: pt3 | N1: pt4 | O1: pt5 | P1: Mean
A2: appendicitis | B2: =Training!AT2 -> 95.238095 | C2: =Training!AU2 -> 95.294118 | D2: =Training!AV2 -> 94.117647 | E2: =Training!AW2 -> 95.294118 | F2: =Training!AX2 -> 95.294118 | G2: =AVERAGE(B2:F2) -> 95.047619 | J2: appendicitis | K2: =Test!AT2 -> 81.818182 | L2: =Test!AU2 -> 80.952381 | M2: =Test!AV2 -> 90.47619 | N2: =Test!AW2 -> 90.47619 | O2: =Test!AX2 -> 80.952381 | P2: =AVERAGE(K2:O2) -> 84.935065
A3: balance | B3: =Training!AT3 -> 91.4 | C3: =Training!AU3 -> 91.2 | D3: =Training!AV3 -> 91.2 | E3: =Training!AW3 -> 91.4 | F3: =Training!AX3 -> 90.8 | G3: =AVERAGE(B3:F3) -> 91.2 | J3: balance | K3: =Test!AT3 -> 80 | L3: =Test!AU3 -> 89.6 | M3: =Test!AV3 -> 89.6 | N3: =Test!AW3 -> 80 | O3: =Test!AX3 -> 82.4 | P3: =AVERAGE(K3:O3) -> 84.32
A4: banana | B4: =Training!AT4 -> 86.273585 | C4: =Training!AU4 -> 86.415094 | D4: =Training!AV4 -> 86.462264 | E4: =Training!AW4 -> 83.443396 | F4: =Training!AX4 -> 85.353774 | G4: =AVERAGE(B4:F4) -> 85.589623 | J4: banana | K4: =Test!AT4 -> 84.433962 | L4: =Test!AU4 -> 83.396226 | M4: =Test!AV4 -> 85.09434 | N4: =Test!AW4 -> 83.301887 | O4: =Test!AX4 -> 85 | P4: =AVERAGE(K4:O4) -> 84.245283
A5: bands | B5: =Training!AT5 -> 91.034483 | C5: =Training!AU5 -> 87.372014 | D5: =Training!AV5 -> 89.690722 | E5: =Training!AW5 -> 89.455782 | F5: =Training!AX5 -> 89.041096 | G5: =AVERAGE(B5:F5) -> 89.318819 | J5: bands | K5: =Test!AT5 -> 72 | L5: =Test!AU5 -> 77.777778 | M5: =Test!AV5 -> 68.918919 | N5: =Test!AW5 -> 74.647887 | O5: =Test!AX5 -> 69.863014 | P5: =AVERAGE(K5:O5) -> 72.64152
A6: bupa | B6: =Training!AT6 -> 77.173913 | C6: =Training!AU6 -> 80.072464 | D6: =Training!AV6 -> 76.086957 | E6: =Training!AW6 -> 78.985507 | F6: =Training!AX6 -> 78.985507 | G6: =AVERAGE(B6:F6) -> 78.26087 | J6: bupa | K6: =Test!AT6 -> 62.318841 | L6: =Test!AU6 -> 57.971014 | M6: =Test!AV6 -> 57.971014 | N6: =Test!AW6 -> 65.217391 | O6: =Test!AX6 -> 76.811594 | P6: =AVERAGE(K6:O6) -> 64.057971
A7: cleveland | B7: =Training!AT7 -> 89.873418 | C7: =Training!AU7 -> 89.029536 | D7: =Training!AV7 -> 90.336134 | E7: =Training!AW7 -> 90.756303 | F7: =Training!AX7 -> 89.495798 | G7: =AVERAGE(B7:F7) -> 89.898238 | J7: cleveland | K7: =Test!AT7 -> 65 | L7: =Test!AU7 -> 53.333333 | M7: =Test!AV7 -> 59.322034 | N7: =Test!AW7 -> 52.542373 | O7: =Test!AX7 -> 54.237288 | P7: =AVERAGE(K7:O7) -> 56.887006
A8: contraceptive | B8: =Training!AT8 -> 61.205433 | C8: =Training!AU8 -> 60.780985 | D8: =Training!AV8 -> 60.441426 | E8: =Training!AW8 -> 61.662426 | F8: =Training!AX8 -> 61.916879 | G8: =AVERAGE(B8:F8) -> 61.20143 | J8: contraceptive | K8: =Test!AT8 -> 53.220339 | L8: =Test!AU8 -> 48.474576 | M8: =Test!AV8 -> 51.525424 | N8: =Test!AW8 -> 51.70068 | O8: =Test!AX8 -> 52.380952 | P8: =AVERAGE(K8:O8) -> 51.460394
A9: ecoli | B9: =Training!AT9 -> 91.41791 | C9: =Training!AU9 -> 91.449814 | D9: =Training!AV9 -> 91.449814 | E9: =Training!AW9 -> 89.591078 | F9: =Training!AX9 -> 93.30855 | G9: =AVERAGE(B9:F9) -> 91.443433 | J9: ecoli | K9: =Test!AT9 -> 75 | L9: =Test!AU9 -> 82.089552 | M9: =Test!AV9 -> 68.656716 | N9: =Test!AW9 -> 77.61194 | O9: =Test!AX9 -> 88.059701 | P9: =AVERAGE(K9:O9) -> 78.283582
A10: glass | B10: =Training!AT10 -> 82.45614 | C10: =Training!AU10 -> 85.964912 | D10: =Training!AV10 -> 83.625731 | E10: =Training!AW10 -> 81.871345 | F10: =Training!AX10 -> 83.72093 | G10: =AVERAGE(B10:F10) -> 83.527812 | J10: glass | K10: =Test!AT10 -> 62.790698 | L10: =Test!AU10 -> 58.139535 | M10: =Test!AV10 -> 62.790698 | N10: =Test!AW10 -> 67.44186 | O10: =Test!AX10 -> 73.809524 | P10: =AVERAGE(K10:O10) -> 64.994463
A11: haberman | B11: =Training!AT11 -> 80.327869 | C11: =Training!AU11 -> 83.265306 | D11: =Training!AV11 -> 82.040816 | E11: =Training!AW11 -> 82.857143 | F11: =Training!AX11 -> 82.857143 | G11: =AVERAGE(B11:F11) -> 82.269655 | J11: haberman | K11: =Test!AT11 -> 77.419355 | L11: =Test!AU11 -> 67.213115 | M11: =Test!AV11 -> 70.491803 | N11: =Test!AW11 -> 77.04918 | O11: =Test!AX11 -> 67.213115 | P11: =AVERAGE(K11:O11) -> 71.877314
A12: hayes-roth | B12: =Training!AT12 -> 89.52381 | C12: =Training!AU12 -> 91.428571 | D12: =Training!AV12 -> 91.509434 | E12: =Training!AW12 -> 91.509434 | F12: =Training!AX12 -> 91.509434 | G12: =AVERAGE(B12:F12) -> 91.096137 | J12: hayes-roth | K12: =Test!AT12 -> 88.888889 | L12: =Test!AU12 -> 77.777778 | M12: =Test!AV12 -> 80.769231 | N12: =Test!AW12 -> 73.076923 | O12: =Test!AX12 -> 73.076923 | P12: =AVERAGE(K12:O12) -> 78.717949
A13: ion | B13: =Training!AT13 -> 99.285714 | C13: =Training!AU13 -> 98.932384 | D13: =Training!AV13 -> 98.576512 | E13: =Training!AW13 -> 98.576512 | F13: =Training!AX13 -> 98.932384 | G13: =AVERAGE(B13:F13) -> 98.860702 | J13: ion | K13: =Test!AT13 -> 85.915493 | L13: =Test!AU13 -> 88.571429 | M13: =Test!AV13 -> 90 | N13: =Test!AW13 -> 95.714286 | O13: =Test!AX13 -> 91.428571 | P13: =AVERAGE(K13:O13) -> 90.325956
... A34: yeast | B34: =Training!AT34 -> 62.594777 | C34: =Training!AU34 -> 65.374895 | D34: =Training!AV34 -> 65.206403 | E34: =Training!AW34 -> 62.594777 | F34: =Training!AX34 -> 63.888889 | G34: =AVERAGE(B34:F34) -> 63.931948 | J34: yeast | K34: =Test!AT34 -> 59.59596 | L34: =Test!AU34 -> 57.912458 | M34: =Test!AV34 -> 57.239057 | N34: =Test!AW34 -> 56.228956 | O34: =Test!AX34 -> 60.472973 | P34: =AVERAGE(K34:O34) -> 58.289881
A36: Mean | G36: =AVERAGE(G2:G34) -> 88.855999 | J36: Mean | P36: =AVERAGE(P2:P34) -> 79.681944

Sheet 11_1
A1: Dataset | B1: pt1 | C1: pt2 | D1: pt3 | E1: pt4 | F1: pt5 | G1: Mean | J1: Dataset | K1: pt1 | L1: pt2 | M1: pt3 | N1: pt4 | O1: pt5 | P1: Mean
A2: appendicitis | B2: =Training!AY2 -> 95.238095 | C2: =Training!AZ2 -> 97.647059 | D2: =Training!BA2 -> 95.294118 | E2: =Training!BB2 -> 95.294118 | F2: =Training!BC2 -> 96.470588 | G2: =AVERAGE(B2:F2) -> 95.988796 | J2: appendicitis | K2: =Test!AY2 -> 81.818182 | L2: =Test!AZ2 -> 61.904762 | M2: =Test!BA2 -> 85.714286 | N2: =Test!BB2 -> 90.47619 | O2: =Test!BC2 -> 80.952381 | P2: =AVERAGE(K2:O2) -> 80.17316
A3: balance | B3: =Training!AY3 -> 92.2 | C3: =Training!AZ3 -> 92.2 | D3: =Training!BA3 -> 91.6 | E3: =Training!BB3 -> 92 | F3: =Training!BC3 -> 92.2 | G3: =AVERAGE(B3:F3) -> 92.04 | J3: balance | K3: =Test!AY3 -> 84 | L3: =Test!AZ3 -> 88 | M3: =Test!BA3 -> 86.4 | N3: =Test!BB3 -> 86.4 | O3: =Test!BC3 -> 87.2 | P3: =AVERAGE(K3:O3) -> 86.4
A4: banana | B4: =Training!AY4 -> 85.849057 | C4: =Training!AZ4 -> 85.919811 | D4: =Training!BA4 -> 83.419811 | E4: =Training!BB4 -> 83.419811 | F4: =Training!BC4 -> 86.816038 | G4: =AVERAGE(B4:F4) -> 85.084906 | J4: banana | K4: =Test!AY4 -> 83.584906 | L4: =Test!AZ4 -> 81.603774 | M4: =Test!BA4 -> 84.150943 | N4: =Test!BB4 -> 87.075472 | O4: =Test!BC4 -> 86.132075 | P4: =AVERAGE(K4:O4) -> 84.509434
A5: bands | B5: =Training!AY5 -> 90 | C5: =Training!AZ5 -> 87.713311 | D5: =Training!BA5 -> 90.378007 | E5: =Training!BB5 -> 89.115646 | F5: =Training!BC5 -> 88.69863 | G5: =AVERAGE(B5:F5) -> 89.181119 | J5: bands | K5: =Test!AY5 -> 65.333333 | L5: =Test!AZ5 -> 72.222222 | M5: =Test!BA5 -> 64.864865 | N5: =Test!BB5 -> 74.647887 | O5: =Test!BC5 -> 67.123288 | P5: =AVERAGE(K5:O5) -> 68.838319
A6: bupa | B6: =Training!AY6 -> 81.15942 | C6: =Training!AZ6 -> 85.507246 | D6: =Training!BA6 -> 77.898551 | E6: =Training!BB6 -> 79.710145 | F6: =Training!BC6 -> 80.797101 | G6: =AVERAGE(B6:F6) -> 81.014493 | J6: bupa | K6: =Test!AY6 -> 62.318841 | L6: =Test!AZ6 -> 62.318841 | M6: =Test!BA6 -> 55.072464 | N6: =Test!BB6 -> 66.666667 | O6: =Test!BC6 -> 71.014493 | P6: =AVERAGE(K6:O6) -> 63.478261
A7: cleveland | B7: =Training!AY7 -> 88.607595 | C7: =Training!AZ7 -> 90.295359 | D7: =Training!BA7 -> 89.495798 | E7: =Training!BB7 -> 92.857143 | F7: =Training!BC7 -> 89.07563 | G7: =AVERAGE(B7:F7) -> 90.066305 | J7: cleveland | K7: =Test!AY7 -> 60 | L7: =Test!AZ7 -> 46.666667 | M7: =Test!BA7 -> 50.847458 | N7: =Test!BB7 -> 57.627119 | O7: =Test!BC7 -> 57.627119 | P7: =AVERAGE(K7:O7) -> 54.553672
A8: contraceptive | B8: =Training!AY8 -> 62.988115 | C8: =Training!AZ8 -> 62.224109 | D8: =Training!BA8 -> 62.478778 | E8: =Training!BB8 -> 61.832061 | F8: =Training!BC8 -> 62.001696 | G8: =AVERAGE(B8:F8) -> 62.304952 | J8: contraceptive | K8: =Test!AY8 -> 55.59322 | L8: =Test!AZ8 -> 51.525424 | M8: =Test!BA8 -> 50.169492 | N8: =Test!BB8 -> 56.122449 | O8: =Test!BC8 -> 50.680272 | P8: =AVERAGE(K8:O8) -> 52.818171
A9: ecoli | B9: =Training!AY9 -> 90.671642 | C9: =Training!AZ9 -> 89.591078 | D9: =Training!BA9 -> 90.334572 | E9: =Training!BB9 -> 86.245353 | F9: =Training!BC9 -> 91.449814 | G9: =AVERAGE(B9:F9) -> 89.658492 | J9: ecoli | K9: =Test!AY9 -> 67.647059 | L9: =Test!AZ9 -> 70.149254 | M9: =Test!BA9 -> 76.119403 | N9: =Test!BB9 -> 76.119403 | O9: =Test!BC9 -> 85.074627 | P9: =AVERAGE(K9:O9) -> 75.021949
A10: glass | B10: =Training!AY10 -> 82.45614 | C10: =Training!AZ10 -> 84.210526 | D10: =Training!BA10 -> 85.380117 | E10: =Training!BB10 -> 81.28655 | F10: =Training!BC10 -> 84.883721 | G10: =AVERAGE(B10:F10) -> 83.643411 | J10: glass | K10: =Test!AY10 -> 67.44186 | L10: =Test!AZ10 -> 58.139535 | M10: =Test!BA10 -> 65.116279 | N10: =Test!BB10 -> 69.767442 | O10: =Test!BC10 -> 66.666667 | P10: =AVERAGE(K10:O10) -> 65.426357
A11: haberman | B11: =Training!AY11 -> 81.967213 | C11: =Training!AZ11 -> 82.44898 | D11: =Training!BA11 -> 82.857143 | E11: =Training!BB11 -> 84.081633 | F11: =Training!BC11 -> 82.040816 | G11: =AVERAGE(B11:F11) -> 82.679157 | J11: haberman | K11: =Test!AY11 -> 77.419355 | L11: =Test!AZ11 -> 70.491803 | M11: =Test!BA11 -> 70.491803 | N11: =Test!BB11 -> 70.491803 | O11: =Test!BC11 -> 72.131148 | P11: =AVERAGE(K11:O11) -> 72.205182
A12: hayes-roth | B12: =Training!AY12 -> 89.52381 | C12: =Training!AZ12 -> 91.428571 | D12: =Training!BA12 -> 91.509434 | E12: =Training!BB12 -> 91.509434 | F12: =Training!BC12 -> 91.509434 | G12: =AVERAGE(B12:F12) -> 91.096137 | J12: hayes-roth | K12: =Test!AY12 -> 88.888889 | L12: =Test!AZ12 -> 77.777778 | M12: =Test!BA12 -> 80.769231 | N12: =Test!BB12 -> 73.076923 | O12: =Test!BC12 -> 73.076923 | P12: =AVERAGE(K12:O12) -> 78.717949
A13: ion | B13: =Training!AY13 -> 99.285714 | C13: =Training!AZ13 -> 99.288256 | D13: =Training!BA13 -> 99.644128 | E13: =Training!BB13 -> 99.288256 | F13: =Training!BC13 -> 98.576512 | G13: =AVERAGE(B13:F13) -> 99.216573 | J13: ion | K13: =Test!AY13 -> 85.915493 | L13: =Test!AZ13 -> 92.857143 | M13: =Test!BA13 -> 87.142857 | N13: =Test!BB13 -> 95.714286 | O13: =Test!BC13 -> 82.857143 | P13: =AVERAGE(K13:O13) -> 88.897384
... A34: yeast | B34: =Training!AY34 -> 62.426285 | C34: =Training!AZ34 -> 63.605729 | D34: =Training!BA34 -> 65.037911 | E34: =Training!BB34 -> 63.605729 | F34: =Training!BC34 -> 61.868687 | G34: =AVERAGE(B34:F34) -> 63.308868 | J34: yeast | K34: =Test!AY34 -> 58.922559 | L34: =Test!AZ34 -> 56.565657 | M34: =Test!BA34 -> 56.902357 | N34: =Test!BB34 -> 55.218855 | O34: =Test!BC34 -> 56.081081 | P34: =AVERAGE(K34:O34) -> 56.738102
A36: Mean | G36: =AVERAGE(G2:G34) -> 88.812029 | J36: Mean | P36: =AVERAGE(P2:P34) -> 79.406576

Sheet 12_1
A1: Dataset | B1: pt1 | C1: pt2 | D1: pt3 | E1: pt4 | F1: pt5 | G1: Mean | J1: Dataset | K1: pt1 | L1: pt2 | M1: pt3 | N1: pt4 | O1: pt5 | P1: Mean
A2: appendicitis | B2: =Training!BD2 -> 96.428571 | C2: =Training!BE2 -> 96.470588 | D2: =Training!BF2 -> 96.470588 | E2: =Training!BG2 -> 94.117647 | F2: =Training!BH2 -> 95.294118 | G2: =AVERAGE(B2:F2) -> 95.756303 | J2: appendicitis | K2: =Test!BD2 -> 86.363636 | L2: =Test!BE2 -> 76.190476 | M2: =Test!BF2 -> 95.238095 | N2: =Test!BG2 -> 90.47619 | O2: =Test!BH2 -> 85.714286 | P2: =AVERAGE(K2:O2) -> 86.796537
A3: balance | B3: =Training!BD3 -> 85.6 | C3: =Training!BE3 -> 86 | D3: =Training!BF3 -> 84 | E3: =Training!BG3 -> 86.8 | F3: =Training!BH3 -> 84.6 | G3: =AVERAGE(B3:F3) -> 85.4 | J3: balance | K3: =Test!BD3 -> 72.8 | L3: =Test!BE3 -> 75.2 | M3: =Test!BF3 -> 80 | N3: =Test!BG3 -> 80.8 | O3: =Test!BH3 -> 81.6 | P3: =AVERAGE(K3:O3) -> 78.08
A4: banana | B4: =Training!BD4 -> 86.816038 | C4: =Training!BE4 -> 85.09434 | D4: =Training!BF4 -> 84.693396 | E4: =Training!BG4 -> 85.283019 | F4: =Training!BH4 -> 87.429245 | G4: =AVERAGE(B4:F4) -> 85.863208 | J4: banana | K4: =Test!BD4 -> 85.660377 | L4: =Test!BE4 -> 84.528302 | M4: =Test!BF4 -> 85.849057 | N4: =Test!BG4 -> 86.981132 | O4: =Test!BH4 -> 86.226415 | P4: =AVERAGE(K4:O4) -> 85.849057
A5: bands | B5: =Training!BD5 -> 88.62069 | C5: =Training!BE5 -> 88.737201 | D5: =Training!BF5 -> 89.690722 | E5: =Training!BG5 -> 84.693878 | F5: =Training!BH5 -> 89.041096 | G5: =AVERAGE(B5:F5) -> 88.156717 | J5: bands | K5: =Test!BD5 -> 66.666667 | L5: =Test!BE5 -> 69.444444 | M5: =Test!BF5 -> 67.567568 | N5: =Test!BG5 -> 69.014085 | O5: =Test!BH5 -> 69.863014 | P5: =AVERAGE(K5:O5) -> 68.511155
A6: bupa | B6: =Training!BD6 -> 79.347826 | C6: =Training!BE6 -> 80.072464 | D6: =Training!BF6 -> 79.710145 | E6: =Training!BG6 -> 78.26087 | F6: =Training!BH6 -> 81.15942 | G6: =AVERAGE(B6:F6) -> 79.710145 | J6: bupa | K6: =Test!BD6 -> 62.318841 | L6: =Test!BE6 -> 63.768116 | M6: =Test!BF6 -> 65.217391 | N6: =Test!BG6 -> 62.318841 | O6: =Test!BH6 -> 72.463768 | P6: =AVERAGE(K6:O6) -> 65.217391
A7: cleveland | B7: =Training!BD7 -> 86.49789 | C7: =Training!BE7 -> 91.139241 | D7: =Training!BF7 -> 89.495798 | E7: =Training!BG7 -> 89.07563 | F7: =Training!BH7 -> 89.495798 | G7: =AVERAGE(B7:F7) -> 89.140872 | J7: cleveland | K7: =Test!BD7 -> 61.666667 | L7: =Test!BE7 -> 51.666667 | M7: =Test!BF7 -> 55.932203 | N7: =Test!BG7 -> 52.542373 | O7: =Test!BH7 -> 62.711864 | P7: =AVERAGE(K7:O7) -> 56.903955
A8: contraceptive | B8: =Training!BD8 -> 58.573854 | C8: =Training!BE8 -> 59.337861 | D8: =Training!BF8 -> 60.356537 | E8: =Training!BG8 -> 59.202714 | F8: =Training!BH8 -> 59.966073 | G8: =AVERAGE(B8:F8) -> 59.487408 | J8: contraceptive | K8: =Test!BD8 -> 50.847458 | L8: =Test!BE8 -> 50.847458 | M8: =Test!BF8 -> 49.152542 | N8: =Test!BG8 -> 47.619048 | O8: =Test!BH8 -> 48.639456 | P8: =AVERAGE(K8:O8) -> 49.421192
A9: ecoli | B9: =Training!BD9 -> 90.671642 | C9: =Training!BE9 -> 89.962825 | D9: =Training!BF9 -> 90.334572 | E9: =Training!BG9 -> 88.475836 | F9: =Training!BH9 -> 90.334572 | G9: =AVERAGE(B9:F9) -> 89.95589 | J9: ecoli | K9: =Test!BD9 -> 69.117647 | L9: =Test!BE9 -> 77.61194 | M9: =Test!BF9 -> 71.641791 | N9: =Test!BG9 -> 68.656716 | O9: =Test!BH9 -> 85.074627 | P9: =AVERAGE(K9:O9) -> 74.420544
A10: glass | B10: =Training!BD10 -> 82.45614 | C10: =Training!BE10 -> 83.040936 | D10: =Training!BF10 -> 87.134503 | E10: =Training!BG10 -> 81.871345 | F10: =Training!BH10 -> 81.976744 | G10: =AVERAGE(B10:F10) -> 83.295934 | J10: glass | K10: =Test!BD10 -> 72.093023 | L10: =Test!BE10 -> 58.139535 | M10: =Test!BF10 -> 58.139535 | N10: =Test!BG10 -> 69.767442 | O10: =Test!BH10 -> 64.285714 | P10: =AVERAGE(K10:O10) -> 64.48505
A11: haberman | B11: =Training!BD11 -> 82.786885 | C11: =Training!BE11 -> 82.857143 | D11: =Training!BF11 -> 83.673469 | E11: =Training!BG11 -> 84.489796 | F11: =Training!BH11 -> 83.265306 | G11: =AVERAGE(B11:F11) -> 83.41452 | J11: haberman | K11: =Test!BD11 -> 82.258065 | L11: =Test!BE11 -> 68.852459 | M11: =Test!BF11 -> 70.491803 | N11: =Test!BG11 -> 73.770492 | O11: =Test!BH11 -> 73.770492 | P11: =AVERAGE(K11:O11) -> 73.828662
A12: hayes-roth | B12: =Training!BD12 -> 89.52381 | C12: =Training!BE12 -> 91.428571 | D12: =Training!BF12 -> 91.509434 | E12: =Training!BG12 -> 91.509434 | F12: =Training!BH12 -> 91.509434 | G12: =AVERAGE(B12:F12) -> 91.096137 | J12: hayes-roth | K12: =Test!BD12 -> 88.888889 | L12: =Test!BE12 -> 77.777778 | M12: =Test!BF12 -> 84.615385 | N12: =Test!BG12 -> 73.076923 | O12: =Test!BH12 -> 73.076923 | P12: =AVERAGE(K12:O12) -> 79.487179
A13: ion | B13: =Training!BD13 -> 98.928571 | C13: =Training!BE13 -> 99.644128 | D13: =Training!BF13 -> 98.576512 | E13: =Training!BG13 -> 98.576512 | F13: =Training!BH13 -> 98.576512 | G13: =AVERAGE(B13:F13) -> 98.860447 | J13: ion | K13: =Test!BD13 -> 81.690141 | L13: =Test!BE13 -> 88.571429 | M13: =Test!BF13 -> 85.714286 | N13: =Test!BG13 -> 92.857143 | O13: =Test!BH13 -> 90 | P13: =AVERAGE(K13:O13) -> 87.7666
... A34: yeast | B34: =Training!BD34 -> 62.510531 | C34: =Training!BE34 -> 63.100253 | D34: =Training!BF34 -> 63.605729 | E34: =Training!BG34 -> 63.689975 | F34: =Training!BH34 -> 60.26936 | G34: =AVERAGE(B34:F34) -> 62.635169 | J34: yeast | K34: =Test!BD34 -> 53.872054 | L34: =Test!BE34 -> 59.259259 | M34: =Test!BF34 -> 54.208754 | N34: =Test!BG34 -> 54.545455 | O34: =Test!BH34 -> 59.459459 | P34: =AVERAGE(K34:O34) -> 56.268996
A36: Mean | G36: =AVERAGE(G2:G34) -> 87.676041 | J36: Mean | P36: =AVERAGE(P2:P34) -> 78.355892

Sheet 13_1
A1: Dataset | B1: pt1 | C1: pt2 | D1: pt3 | E1: pt4 | F1: pt5 | G1: Mean | J1: Dataset | K1: pt1 | L1: pt2 | M1: pt3 | N1: pt4 | O1: pt5 | P1: Mean
A2: appendicitis | B2: =Training!BI2 -> 95.238095 | C2: =Training!BJ2 -> 98.823529 | D2: =Training!BK2 -> 97.647059 | E2: =Training!BL2 -> 95.294118 | F2: =Training!BM2 -> 95.294118 | G2: =AVERAGE(B2:F2) -> 96.459384 | J2: appendicitis | K2: =Test!BI2 -> 81.818182 | L2: =Test!BJ2 -> 71.428571 | M2: =Test!BK2 -> 90.47619 | N2: =Test!BL2 -> 90.47619 | O2: =Test!BM2 -> 85.714286 | P2: =AVERAGE(K2:O2) -> 83.982684
A3: balance | B3: =Training!BI3 -> 91.8 | C3: =Training!BJ3 -> 92.2 | D3: =Training!BK3 -> 91.6 | E3: =Training!BL3 -> 92.2 | F3: =Training!BM3 -> 92 | G3: =AVERAGE(B3:F3) -> 91.96 | J3: balance | K3: =Test!BI3 -> 80.8 | L3: =Test!BJ3 -> 88.8 | M3: =Test!BK3 -> 84.8 | N3: =Test!BL3 -> 84 | O3: =Test!BM3 -> 87.2 | P3: =AVERAGE(K3:O3) -> 85.12
A4: banana | B4: =Training!BI4 -> 84.976415 | C4: =Training!BJ4 -> 83.820755 | D4: =Training!BK4 -> 84.056604 | E4: =Training!BL4 -> 83.962264 | F4: =Training!BM4 -> 87.287736 | G4: =AVERAGE(B4:F4) -> 84.820755 | J4: banana | K4: =Test!BI4 -> 85.377358 | L4: =Test!BJ4 -> 83.962264 | M4: =Test!BK4 -> 84.528302 | N4: =Test!BL4 -> 86.886792 | O4: =Test!BM4 -> 86.698113 | P4: =AVERAGE(K4:O4) -> 85.490566
A5: bands | B5: =Training!BI5 -> 90.344828 | C5: =Training!BJ5 -> 88.737201 | D5: =Training!BK5 -> 90.034364 | E5: =Training!BL5 -> 89.115646 | F5: =Training!BM5 -> 89.383562 | G5: =AVERAGE(B5:F5) -> 89.52312 | J5: bands | K5: =Test!BI5 -> 64 | L5: =Test!BJ5 -> 75 | M5: =Test!BK5 -> 64.864865 | N5: =Test!BL5 -> 77.464789 | O5: =Test!BM5 -> 63.013699 | P5: =AVERAGE(K5:O5) -> 68.86867
A6: bupa | B6: =Training!BI6 -> 81.15942 | C6: =Training!BJ6 -> 83.333333 | D6: =Training!BK6 -> 80.434783 | E6: =Training!BL6 -> 79.710145 | F6: =Training!BM6 -> 80.797101 | G6: =AVERAGE(B6:F6) -> 81.086957 | J6: bupa | K6: =Test!BI6 -> 62.318841 | L6: =Test!BJ6 -> 65.217391 | M6: =Test!BK6 -> 66.666667 | N6: =Test!BL6 -> 60.869565 | O6: =Test!BM6 -> 73.913043 | P6: =AVERAGE(K6:O6) -> 65.797101
A7: cleveland | B7: =Training!BI7 -> 89.873418 | C7: =Training!BJ7 -> 91.139241 | D7: =Training!BK7 -> 89.915966 | E7: =Training!BL7 -> 90.756303 | F7: =Training!BM7 -> 89.915966 | G7: =AVERAGE(B7:F7) -> 90.320179 | J7: cleveland | K7: =Test!BI7 -> 65 | L7: =Test!BJ7 -> 53.333333 | M7: =Test!BK7 -> 59.322034 | N7: =Test!BL7 -> 52.542373 | O7: =Test!BM7 -> 64.40678 | P7: =AVERAGE(K7:O7) -> 58.920904
A8: contraceptive | B8: =Training!BI8 -> 62.478778 | C8: =Training!BJ8 -> 62.903226 | D8: =Training!BK8 -> 62.648557 | E8: =Training!BL8 -> 63.189143 | F8: =Training!BM8 -> 62.086514 | G8: =AVERAGE(B8:F8) -> 62.661244 | J8: contraceptive | K8: =Test!BI8 -> 55.932203 | L8: =Test!BJ8 -> 43.728814 | M8: =Test!BK8 -> 51.864407 | N8: =Test!BL8 -> 53.401361 | O8: =Test!BM8 -> 50 | P8: =AVERAGE(K8:O8) -> 50.985357
A9: ecoli | B9: =Training!BI9 -> 90.671642 | C9: =Training!BJ9 -> 89.962825 | D9: =Training!BK9 -> 90.334572 | E9: =Training!BL9 -> 89.591078 | F9: =Training!BM9 -> 90.334572 | G9: =AVERAGE(B9:F9) -> 90.178938 | J9: ecoli | K9: =Test!BI9 -> 73.529412 | L9: =Test!BJ9 -> 74.626866 | M9: =Test!BK9 -> 77.61194 | N9: =Test!BL9 -> 76.119403 | O9: =Test!BM9 -> 83.58209 | P9: =AVERAGE(K9:O9) -> 77.093942
A10: glass | B10: =Training!BI10 -> 82.45614 | C10: =Training!BJ10 -> 83.625731 | D10: =Training!BK10 -> 88.304094 | E10: =Training!BL10 -> 82.45614 | F10: =Training!BM10 -> 83.139535 | G10: =AVERAGE(B10:F10) -> 83.996328 | J10: glass | K10: =Test!BI10 -> 67.44186 | L10: =Test!BJ10 -> 60.465116 | M10: =Test!BK10 -> 58.139535 | N10: =Test!BL10 -> 67.44186 | O10: =Test!BM10 -> 61.904762 | P10: =AVERAGE(K10:O10) -> 63.078627
A11: haberman | B11: =Training!BI11 -> 82.377049 | C11: =Training!BJ11 -> 81.632653 | D11: =Training!BK11 -> 82.44898 | E11: =Training!BL11 -> 81.632653 | F11: =Training!BM11 -> 83.265306 | G11: =AVERAGE(B11:F11) -> 82.271328 | J11: haberman | K11: =Test!BI11 -> 74.193548 | L11: =Test!BJ11 -> 72.131148 | M11: =Test!BK11 -> 70.491803 | N11: =Test!BL11 -> 59.016393 | O11: =Test!BM11 -> 73.770492 | P11: =AVERAGE(K11:O11) -> 69.920677
A12: hayes-roth | B12: =Training!BI12 -> 89.52381 | C12: =Training!BJ12 -> 91.428571 | D12: =Training!BK12 -> 91.509434 | E12: =Training!BL12 -> 91.509434 | F12: =Training!BM12 -> 91.509434 | G12: =AVERAGE(B12:F12) -> 91.096137 | J12: hayes-roth | K12: =Test!BI12 -> 88.888889 | L12: =Test!BJ12 -> 77.777778 | M12: =Test!BK12 -> 80.769231 | N12: =Test!BL12 -> 73.076923 | O12: =Test!BM12 -> 73.076923 | P12: =AVERAGE(K12:O12) -> 78.717949
A13: ion | B13: =Training!BI13 -> 99.285714 | C13: =Training!BJ13 -> 99.644128 | D13: =Training!BK13 -> 100 | E13: =Training!BL13 -> 99.644128 | F13: =Training!BM13 -> 98.932384 | G13: =AVERAGE(B13:F13) -> 99.501271 | J13: ion | K13: =Test!BI13 -> 87.323944 | L13: =Test!BJ13 -> 88.571429 | M13: =Test!BK13 -> 81.428571 | N13: =Test!BL13 -> 92.857143 | O13: =Test!BM13 -> 90 | P13: =AVERAGE(K13:O13) -> 88.036217
... A34: yeast | B34: =Training!BI34 -> 61.920809 | C34: =Training!BJ34 -> 64.616681 | D34: =Training!BK34 -> 64.532435 | E34: =Training!BL34 -> 65.122157 | F34: =Training!BM34 -> 62.710438 | G34: =AVERAGE(B34:F34) -> 63.780504 | J34: yeast | K34: =Test!BI34 -> 60.26936 | L34: =Test!BJ34 -> 55.218855 | M34: =Test!BK34 -> 55.555556 | N34: =Test!BL34 -> 56.228956 | O34: =Test!BM34 -> 56.756757 | P34: =AVERAGE(K34:O34) -> 56.805897
A36: Mean | G36: =AVERAGE(G2:G34) -> 88.920663 | J36: Mean | P36: =AVERAGE(P2:P34) -> 79.376334

Sheet 14_1
A1: Dataset | B1: pt1 | C1: pt2 | D1: pt3 | E1: pt4 | F1: pt5 | G1: Mean | J1: Dataset | K1: pt1 | L1: pt2 | M1: pt3 | N1: pt4 | O1: pt5 | P1: Mean
A2: appendicitis | B2: =Training!BN2 -> 96.428571 | C2: =Training!BO2 -> 96.470588 | D2: =Training!BP2 -> 97.647059 | E2: =Training!BQ2 -> 96.470588 | F2: =Training!BR2 -> 96.470588 | G2: =AVERAGE(B2:F2) -> 96.697479 | J2: appendicitis | K2: =Test!BN2 -> 81.818182 | L2: =Test!BO2 -> 76.190476 | M2: =Test!BP2 -> 85.714286 | N2: =Test!BQ2 -> 90.47619 | O2: =Test!BR2 -> 85.714286 | P2: =AVERAGE(K2:O2) -> 83.982684
A3: balance | B3: =Training!BN3 -> 87.2 | C3: =Training!BO3 -> 86.4 | D3: =Training!BP3 -> 86 | E3: =Training!BQ3 -> 86.8 | F3: =Training!BR3 -> 87 | G3: =AVERAGE(B3:F3) -> 86.68 | J3: balance | K3: =Test!BN3 -> 80.8 | L3: =Test!BO3 -> 83.2 | M3: =Test!BP3 -> 85.6 | N3: =Test!BQ3 -> 85.6 | O3: =Test!BR3 -> 84 | P3: =AVERAGE(K3:O3) -> 83.84
A4: banana | B4: =Training!BN4 -> 87.051887 | C4: =Training!BO4 -> 86.933962 | D4: =Training!BP4 -> 86.320755 | E4: =Training!BQ4 -> 86.650943 | F4: =Training!BR4 -> 85.400943 | G4: =AVERAGE(B4:F4) -> 86.471698 | J4: banana | K4: =Test!BN4 -> 86.509434 | L4: =Test!BO4 -> 84.716981 | M4: =Test!BP4 -> 86.509434 | N4: =Test!BQ4 -> 85.566038 | O4: =Test!BR4 -> 86.981132 | P4: =AVERAGE(K4:O4) -> 86.056604
A5: bands | B5: =Training!BN5 -> 90.689655 | C5: =Training!BO5 -> 89.078498 | D5: =Training!BP5 -> 86.941581 | E5: =Training!BQ5 -> 87.414966 | F5: =Training!BR5 -> 88.013699 | G5: =AVERAGE(B5:F5) -> 88.42768 | J5: bands | K5: =Test!BN5 -> 69.333333 | L5: =Test!BO5 -> 70.833333 | M5: =Test!BP5 -> 71.621622 | N5: =Test!BQ5 -> 67.605634 | O5: =Test!BR5 -> 65.753425 | P5: =AVERAGE(K5:O5) -> 69.029469
A6: bupa | B6: =Training!BN6 -> 77.898551 | C6: =Training!BO6 -> 82.971014 | D6: =Training!BP6 -> 79.710145 | E6: =Training!BQ6 -> 80.797101 | F6: =Training!BR6 -> 80.797101 | G6: =AVERAGE(B6:F6) -> 80.434783 | J6: bupa | K6: =Test!BN6 -> 62.318841 | L6: =Test!BO6 -> 68.115942 | M6: =Test!BP6 -> 66.666667 | N6: =Test!BQ6 -> 65.217391 | O6: =Test!BR6 -> 72.463768 | P6: =AVERAGE(K6:O6) -> 66.956522
A7: cleveland | B7: =Training!BN7 -> 89.451477 | C7: =Training!BO7 -> 90.7173 | D7: =Training!BP7 -> 90.336134 | E7: =Training!BQ7 -> 92.016807 | F7: =Training!BR7 -> 88.235294 | G7: =AVERAGE(B7:F7) -> 90.151402 | J7: cleveland | K7: =Test!BN7 -> 60 | L7: =Test!BO7 -> 53.333333 | M7: =Test!BP7 -> 57.627119 | N7: =Test!BQ7 -> 50.847458 | O7: =Test!BR7 -> 62.711864 | P7: =AVERAGE(K7:O7) -> 56.903955
A8: contraceptive | B8: =Training!BN8 -> 60.611205 | C8: =Training!BO8 -> 60.865874 | D8: =Training!BP8 -> 60.696095 | E8: =Training!BQ8 -> 60.644614 | F8: =Training!BR8 -> 60.474979 | G8: =AVERAGE(B8:F8) -> 60.658554 | J8: contraceptive | K8: =Test!BN8 -> 55.254237 | L8: =Test!BO8 -> 46.779661 | M8: =Test!BP8 -> 55.254237 | N8: =Test!BQ8 -> 52.040816 | O8: =Test!BR8 -> 50.340136 | P8: =AVERAGE(K8:O8) -> 51.933818
A9: ecoli | B9: =Training!BN9 -> 90.298507 | C9: =Training!BO9 -> 89.219331 | D9: =Training!BP9 -> 89.962825 | E9: =Training!BQ9 -> 88.847584 | F9: =Training!BR9 -> 92.193309 | G9: =AVERAGE(B9:F9) -> 90.104311 | J9: ecoli | K9: =Test!BN9 -> 75 | L9: =Test!BO9 -> 83.58209 | M9: =Test!BP9 -> 76.119403 | N9: =Test!BQ9 -> 76.119403 | O9: =Test!BR9 -> 82.089552 | P9: =AVERAGE(K9:O9) -> 78.58209
A10: glass | B10: =Training!BN10 -> 81.28655 | C10: =Training!BO10 -> 85.964912 | D10: =Training!BP10 -> 87.134503 | E10: =Training!BQ10 -> 83.625731 | F10: =Training!BR10 -> 83.139535 | G10: =AVERAGE(B10:F10) -> 84.230246 | J10: glass | K10: =Test!BN10 -> 69.767442 | L10: =Test!BO10 -> 58.139535 | M10: =Test!BP10 -> 67.44186 | N10: =Test!BQ10 -> 69.767442 | O10: =Test!BR10 -> 71.428571 | P10: =AVERAGE(K10:O10) -> 67.30897
A11: haberman | B11: =Training!BN11 -> 84.42623 | C11: =Training!BO11 -> 83.265306 | D11: =Training!BP11 -> 84.489796 | E11: =Training!BQ11 -> 84.081633 | F11: =Training!BR11 -> 82.44898 | G11: =AVERAGE(B11:F11) -> 83.742389 | J11: haberman | K11: =Test!BN11 -> 75.806452 | L11: =Test!BO11 -> 70.491803 | M11: =Test!BP11 -> 72.131148 | N11: =Test!BQ11 -> 70.491803 | O11: =Test!BR11 -> 72.131148 | P11: =AVERAGE(K11:O11) -> 72.210471
A12: hayes-roth | B12: =Training!BN12 -> 89.52381 | C12: =Training!BO12 -> 91.428571 | D12: =Training!BP12 -> 91.509434 | E12: =Training!BQ12 -> 91.509434 | F12: =Training!BR12 -> 91.509434 | G12: =AVERAGE(B12:F12) -> 91.096137 | J12: hayes-roth | K12: =Test!BN12 -> 88.888889 | L12: =Test!BO12 -> 77.777778 | M12: =Test!BP12 -> 80.769231 | N12: =Test!BQ12 -> 73.076923 | O12: =Test!BR12 -> 73.076923 | P12: =AVERAGE(K12:O12) -> 78.717949
A13: ion | B13: =Training!BN13 -> 99.285714 | C13: =Training!BO13 -> 99.644128 | D13: =Training!BP13 -> 99.288256 | E13: =Training!BQ13 -> 99.644128 | F13: =Training!BR13 -> 98.932384 | G13: =AVERAGE(B13:F13) -> 99.358922 | J13: ion | K13: =Test!BN13 -> 85.915493 | L13: =Test!BO13 -> 91.428571 | M13: =Test!BP13 -> 88.571429 | N13: =Test!BQ13 -> 94.285714 | O13: =Test!BR13 -> 88.571429 | P13: =AVERAGE(K13:O13) -> 89.754527
... A34: yeast | B34: =Training!BN34 -> 62.426285 | C34: =Training!BO34 -> 63.774221 | D34: =Training!BP34 -> 62.594777 | E34: =Training!BQ34 -> 62.931761 | F34: =Training!BR34 -> 61.784512 | G34: =AVERAGE(B34:F34) -> 62.702311 | J34: yeast | K34: =Test!BN34 -> 58.922559 | L34: =Test!BO34 -> 57.239057 | M34: =Test!BP34 -> 54.545455 | N34: =Test!BQ34 -> 58.922559 | O34: =Test!BR34 -> 57.77027 | P34: =AVERAGE(K34:O34) -> 57.47998
A36: Mean | G36: =AVERAGE(G2:G34) -> 88.187206 | J36: Mean | P36: =AVERAGE(P2:P34) -> 79.797621

Sheet 15_1
A1: Dataset | B1: pt1 | C1: pt2 | D1: pt3 | E1: pt4 | F1: pt5 | G1: Mean | J1: Dataset | K1: pt1 | L1: pt2 | M1: pt3 | N1: pt4 | O1: pt5 | P1: Mean
A2: appendicitis | B2: =Training!BS2 -> 96.428571 | C2: =Training!BT2 -> 96.470588 | D2: =Training!BU2 -> 96.470588 | E2: =Training!BV2 -> 95.294118 | F2: =Training!BW2 -> 96.470588 | G2: =AVERAGE(B2:F2) -> 96.226891 | J2: appendicitis | K2: =Test!BS2 -> 81.818182 | L2: =Test!BT2 -> 80.952381 | M2: =Test!BU2 -> 76.190476 | N2: =Test!BV2 -> 90.47619 | O2: =Test!BW2 -> 80.952381 | P2: =AVERAGE(K2:O2) -> 82.077922
A3: balance | B3: =Training!BS3 -> 84.8 | C3: =Training!BT3 -> 83.2 | D3: =Training!BU3 -> 85.6 | E3: =Training!BV3 -> 85.6 | F3: =Training!BW3 -> 86.4 | G3: =AVERAGE(B3:F3) -> 85.12 | J3: balance | K3: =Test!BS3 -> 73.6 | L3: =Test!BT3 -> 76 | M3: =Test!BU3 -> 78.4 | N3: =Test!BV3 -> 77.6 | O3: =Test!BW3 -> 77.6 | P3: =AVERAGE(K3:O3) -> 76.64
A4: banana | B4: =Training!BS4 -> 85.141509 | C4: =Training!BT4 -> 85.518868 | D4: =Training!BU4 -> 83.867925 | E4: =Training!BV4 -> 84.575472 | F4: =Training!BW4 -> 85.825472 | G4: =AVERAGE(B4:F4) -> 84.985849 | J4: banana | K4: =Test!BS4 -> 84.150943 | L4: =Test!BT4 -> 83.018868 | M4: =Test!BU4 -> 82.54717 | N4: =Test!BV4 -> 83.867925 | O4: =Test!BW4 -> 85.660377 | P4: =AVERAGE(K4:O4) -> 83.849057
A5: bands | B5: =Training!BS5 -> 89.310345 | C5: =Training!BT5 -> 86.68942 | D5: =Training!BU5 -> 86.941581 | E5: =Training!BV5 -> 86.734694 | F5: =Training!BW5 -> 86.986301 | G5: =AVERAGE(B5:F5) -> 87.332468 | J5: bands | K5: =Test!BS5 -> 66.666667 | L5: =Test!BT5 -> 59.722222 | M5: =Test!BU5 -> 70.27027 | N5: =Test!BV5 -> 70.422535 | O5: =Test!BW5 -> 69.863014 | P5: =AVERAGE(K5:O5) -> 67.388942
A6: bupa | B6: =Training!BS6 -> 75.724638 | C6: =Training!BT6 -> 80.434783 | D6: =Training!BU6 -> 79.347826 | E6: =Training!BV6 -> 79.710145 | F6: =Training!BW6 -> 79.710145 | G6: =AVERAGE(B6:F6) -> 78.985507 | J6: bupa | K6: =Test!BS6 -> 50.724638 | L6: =Test!BT6 -> 62.318841 | M6: =Test!BU6 -> 60.869565 | N6: =Test!BV6 -> 55.072464 | O6: =Test!BW6 -> 75.362319 | P6: =AVERAGE(K6:O6) -> 60.869565
A7: cleveland | B7: =Training!BS7 -> 88.607595 | C7: =Training!BT7 -> 91.561181 | D7: =Training!BU7 -> 89.915966 | E7: =Training!BV7 -> 90.756303 | F7: =Training!BW7 -> 87.815126 | G7: =AVERAGE(B7:F7) -> 89.731234 | J7: cleveland | K7: =Test!BS7 -> 66.666667 | L7: =Test!BT7 -> 55 | M7: =Test!BU7 -> 50.847458 | N7: =Test!BV7 -> 54.237288 | O7: =Test!BW7 -> 59.322034 | P7: =AVERAGE(K7:O7) -> 57.214689
A8: contraceptive | B8: =Training!BS8 -> 59.847199 | C8: =Training!BT8 -> 59.847199 | D8: =Training!BU8 -> 60.526316 | E8: =Training!BV8 -> 59.372349 | F8: =Training!BW8 -> 57.167091 | G8: =AVERAGE(B8:F8) -> 59.352031 | J8: contraceptive | K8: =Test!BS8 -> 51.525424 | L8: =Test!BT8 -> 41.355932 | M8: =Test!BU8 -> 47.118644 | N8: =Test!BV8 -> 47.278912 | O8: =Test!BW8 -> 43.877551 | P8: =AVERAGE(K8:O8) -> 46.231293
A9: ecoli | B9: =Training!BS9 -> 89.552239 | C9: =Training!BT9 -> 89.219331 | D9: =Training!BU9 -> 89.219331 | E9: =Training!BV9 -> 88.104089 | F9: =Training!BW9 -> 90.334572 | G9: =AVERAGE(B9:F9) -> 89.285912 | J9: ecoli | K9: =Test!BS9 -> 69.117647 | L9: =Test!BT9 -> 76.119403 | M9: =Test!BU9 -> 74.626866 | N9: =Test!BV9 -> 71.641791 | O9: =Test!BW9 -> 74.626866 | P9: =AVERAGE(K9:O9) -> 73.226514
A10: glass | B10: =Training!BS10 -> 81.871345 | C10: =Training!BT10 -> 84.795322 | D10: =Training!BU10 -> 85.964912 | E10: =Training!BV10 -> 81.28655 | F10: =Training!BW10 -> 81.976744 | G10: =AVERAGE(B10:F10) -> 83.178975 | J10: glass | K10: =Test!BS10 -> 58.139535 | L10: =Test!BT10 -> 65.116279 | M10: =Test!BU10 -> 65.116279 | N10: =Test!BV10 -> 65.116279 | O10: =Test!BW10 -> 64.285714 | P10: =AVERAGE(K10:O10) -> 63.554817
A11: haberman | B11: =Training!BS11 -> 81.557377 | C11: =Training!BT11 -> 84.081633 | D11: =Training!BU11 -> 82.44898 | E11: =Training!BV11 -> 84.897959 | F11: =Training!BW11 -> 82.857143 | G11: =AVERAGE(B11:F11) -> 83.168618 | J11: haberman | K11: =Test!BS11 -> 74.193548 | L11: =Test!BT11 -> 67.213115 | M11: =Test!BU11 -> 72.131148 | N11: =Test!BV11 -> 70.491803 | O11: =Test!BW11 -> 77.04918 | P11: =AVERAGE(K11:O11) -> 72.215759
A12: hayes-roth | B12: =Training!BS12 -> 89.52381 | C12: =Training!BT12 -> 91.428571 | D12: =Training!BU12 -> 91.509434 | E12: =Training!BV12 -> 91.509434 | F12: =Training!BW12 -> 91.509434 | G12: =AVERAGE(B12:F12) -> 91.096137 | J12: hayes-roth | K12: =Test!BS12 -> 85.185185 | L12: =Test!BT12 -> 74.074074 | M12: =Test!BU12 -> 84.615385 | N12: =Test!BV12 -> 73.076923 | O12: =Test!BW12 -> 80.769231 | P12: =AVERAGE(K12:O12) -> 79.54416
A13: ion | B13: =Training!BS13 -> 98.571429 | C13: =Training!BT13 -> 98.576512 | D13: =Training!BU13 -> 98.576512 | E13: =Training!BV13 -> 98.932384 | F13: =Training!BW13 -> 98.576512 | G13: =AVERAGE(B13:F13) -> 98.64667 | J13: ion | K13: =Test!BS13 -> 85.915493 | L13: =Test!BT13 -> 90 | M13: =Test!BU13 -> 85.714286 | N13: =Test!BV13 -> 92.857143 | O13: =Test!BW13 -> 88.571429 | P13: =AVERAGE(K13:O13) -> 88.61167
... A34: yeast | B34: =Training!BS34 -> 60.067397 | C34: =Training!BT34 -> 62.510531 | D34: =Training!BU34 -> 63.184499 | E34: =Training!BV34 -> 62.931761 | F34: =Training!BW34 -> 61.026936 | G34: =AVERAGE(B34:F34) -> 61.944225 | J34: yeast | K34: =Test!BS34 -> 58.249158 | L34: =Test!BT34 -> 56.565657 | M34: =Test!BU34 -> 55.892256 | N34: =Test!BV34 -> 56.228956 | O34: =Test!BW34 -> 54.391892 | P34: =AVERAGE(K34:O34) -> 56.265584
A36: Mean | G36: =AVERAGE(G2:G34) -> 87.439011 | J36: Mean | P36: =AVERAGE(P2:P34) -> 77.266795

Sheet 16_1
A1: Dataset | B1: pt1 | C1: pt2 | D1: pt3 | E1: pt4 | F1: pt5 | G1: Mean | J1: Dataset | K1: pt1 | L1: pt2 | M1: pt3 | N1: pt4 | O1: pt5 | P1: Mean
A2: appendicitis | B2: =Training!BX2 -> 95.238095 | C2: =Training!BY2 -> 98.823529 | D2: =Training!BZ2 -> 95.294118 | E2: =Training!CA2 -> 95.294118 | F2: =Training!CB2 -> 95.294118 | G2: =AVERAGE(B2:F2) -> 95.988796 | J2: appendicitis | K2: =Test!BX2 -> 81.818182 | L2: =Test!BY2 -> 71.428571 | M2: =Test!BZ2 -> 85.714286 | N2: =Test!CA2 -> 90.47619 | O2: =Test!CB2 -> 85.714286 | P2: =AVERAGE(K2:O2) -> 83.030303
A3: balance | B3: =Training!BX3 -> 91.6 | C3: =Training!BY3 -> 91.6 | D3: =Training!BZ3 -> 91.6 | E3: =Training!CA3 -> 91.6 | F3: =Training!CB3 -> 92 | G3: =AVERAGE(B3:F3) -> 91.68 | J3: balance | K3: =Test!BX3 -> 84.8 | L3: =Test!BY3 -> 85.6 | M3: =Test!BZ3 -> 86.4 | N3: =Test!CA3 -> 88 | O3: =Test!CB3 -> 84 | P3: =AVERAGE(K3:O3) -> 85.76
A4: banana | B4: =Training!BX4 -> 85.778302 | C4: =Training!BY4 -> 83.679245 | D4: =Training!BZ4 -> 85.283019 | E4: =Training!CA4 -> 86.533019 | F4: =Training!CB4 -> 85.919811 | G4: =AVERAGE(B4:F4) -> 85.438679 | J4: banana | K4: =Test!BX4 -> 84.056604 | L4: =Test!BY4 -> 83.396226 | M4: =Test!BZ4 -> 86.226415 | N4: =Test!CA4 -> 85.471698 | O4: =Test!CB4 -> 85.283019 | P4: =AVERAGE(K4:O4) -> 84.886792
A5: bands | B5: =Training!BX5 -> 90 | C5: =Training!BY5 -> 88.395904 | D5: =Training!BZ5 -> 90.378007 | E5: =Training!CA5 -> 90.47619 | F5: =Training!CB5 -> 88.69863 | G5: =AVERAGE(B5:F5) -> 89.589746 | J5: bands | K5: =Test!BX5 -> 62.666667 | L5: =Test!BY5 -> 76.388889 | M5: =Test!BZ5 -> 67.567568 | N5: =Test!CA5 -> 76.056338 | O5: =Test!CB5 -> 65.753425 | P5: =AVERAGE(K5:O5) -> 69.686577
A6: bupa | B6: =Training!BX6 -> 81.521739 | C6: =Training!BY6 -> 84.782609 | D6: =Training!BZ6 -> 81.521739 | E6: =Training!CA6 -> 79.347826 | F6: =Training!CB6 -> 80.434783 | G6: =AVERAGE(B6:F6) -> 81.521739 | J6: bupa | K6: =Test!BX6 -> 63.768116 | L6: =Test!BY6 -> 65.217391 | M6: =Test!BZ6 -> 65.217391 | N6: =Test!CA6 -> 57.971014 | O6: =Test!CB6 -> 73.913043 | P6: =AVERAGE(K6:O6) -> 65.217391
A7: cleveland | B7: =Training!BX7 -> 88.607595 | C7: =Training!BY7 -> 89.451477 | D7: =Training!BZ7 -> 90.336134 | E7: =Training!CA7 -> 91.596639 | F7: =Training!CB7 -> 88.655462 | G7: =AVERAGE(B7:F7) -> 89.729461 | J7: cleveland | K7: =Test!BX7 -> 61.666667 | L7: =Test!BY7 -> 51.666667 | M7: =Test!BZ7 -> 50.847458 | N7: =Test!CA7 -> 49.152542 | O7: =Test!CB7 -> 59.322034 | P7: =AVERAGE(K7:O7) -> 54.531073
A8: contraceptive | B8: =Training!BX8 -> 62.308998 | C8: =Training!BY8 -> 60.356537 | D8: =Training!BZ8 -> 62.054329 | E8: =Training!CA8 -> 62.171332 | F8: =Training!CB8 -> 62.171332 | G8: =AVERAGE(B8:F8) -> 61.812505 | J8: contraceptive | K8: =Test!BX8 -> 55.59322 | L8: =Test!BY8 -> 52.20339 | M8: =Test!BZ8 -> 52.881356 | N8: =Test!CA8 -> 52.721088 | O8: =Test!CB8 -> 50.340136 | P8: =AVERAGE(K8:O8) -> 52.747838
A9: ecoli | B9: =Training!BX9 -> 89.552239 | C9: =Training!BY9 -> 90.334572 | D9: =Training!BZ9 -> 91.078067 | E9: =Training!CA9 -> 90.334572 | F9: =Training!CB9 -> 92.565056 | G9: =AVERAGE(B9:F9) -> 90.772901 | J9: ecoli | K9: =Test!BX9 -> 70.588235 | L9: =Test!BY9 -> 80.597015 | M9: =Test!BZ9 -> 71.641791 | N9: =Test!CA9 -> 73.134328 | O9: =Test!CB9 -> 88.059701 | P9: =AVERAGE(K9:O9) -> 76.804214
A10: glass | B10: =Training!BX10 -> 82.45614 | C10: =Training!BY10 -> 84.210526 | D10: =Training!BZ10 -> 83.625731 | E10: =Training!CA10 -> 81.28655 | F10: =Training!CB10 -> 84.302326 | G10: =AVERAGE(B10:F10) -> 83.176255 | J10: glass | K10: =Test!BX10 -> 67.44186 | L10: =Test!BY10 -> 60.465116 | M10: =Test!BZ10 -> 55.813953 | N10: =Test!CA10 -> 72.093023 | O10: =Test!CB10 -> 66.666667 | P10: =AVERAGE(K10:O10) -> 64.496124
A11: haberman | B11: =Training!BX11 -> 82.786885 | C11: =Training!BY11 -> 84.081633 | D11: =Training!BZ11 -> 82.857143 | E11: =Training!CA11 -> 82.44898 | F11: =Training!CB11 -> 83.265306 | G11: =AVERAGE(B11:F11) -> 83.087989 | J11: haberman | K11: =Test!BX11 -> 77.419355 | L11: =Test!BY11 -> 68.852459 | M11: =Test!BZ11 -> 70.491803 | N11: =Test!CA11 -> 68.852459 | O11: =Test!CB11 -> 73.770492 | P11: =AVERAGE(K11:O11) -> 71.877314
A12: hayes-roth | B12: =Training!BX12 -> 89.52381 | C12: =Training!BY12 -> 91.428571 | D12: =Training!BZ12 -> 91.509434 | E12: =Training!CA12 -> 91.509434 | F12: =Training!CB12 -> 91.509434 | G12: =AVERAGE(B12:F12) -> 91.096137 | J12: hayes-roth | K12: =Test!BX12 -> 88.888889 | L12: =Test!BY12 -> 77.777778 | M12: =Test!BZ12 -> 80.769231 | N12: =Test!CA12 -> 73.076923 | O12: =Test!CB12 -> 73.076923 | P12: =AVERAGE(K12:O12) -> 78.717949
A13: ion | B13: =Training!BX13 -> 99.285714 | C13: =Training!BY13 -> 99.644128 | D13: =Training!BZ13 -> 100 | E13: =Training!CA13 -> 99.288256 | F13: =Training!CB13 -> 98.932384 | G13: =AVERAGE(B13:F13) -> 99.430097 | J13: ion | K13: =Test!BX13 -> 83.098592 | L13: =Test!BY13 -> 91.428571 | M13: =Test!BZ13 -> 88.571429 | N13: =Test!CA13 -> 94.285714 | O13: =Test!CB13 -> 88.571429 | P13: =AVERAGE(K13:O13) -> 89.191147
... A34: yeast | B34: =Training!BX34 -> 62.847515 | C34: =Training!BY34 -> 63.774221 | D34: =Training!BZ34 -> 64.953665 | E34: =Training!CA34 -> 63.605729 | F34: =Training!CB34 -> 62.205387 | G34: =AVERAGE(B34:F34) -> 63.477303 | J34: yeast | K34: =Test!BX34 -> 57.239057 | L34: =Test!BY34 -> 60.606061 | M34: =Test!BZ34 -> 55.555556 | N34: =Test!CA34 -> 60.26936 | O34: =Test!CB34 -> 56.418919 | P34: =AVERAGE(K34:O34) -> 58.017791
A36: Mean | G36: =AVERAGE(G2:G34) -> 88.774418 | J36: Mean | P36: =AVERAGE(P2:P34) -> 79.328127

Sheet 17_1
A1: Dataset | B1: pt1 | C1: pt2 | D1: pt3 | E1: pt4 | F1: pt5 | G1: Mean | J1: Dataset | K1: pt1 | L1: pt2 | M1: pt3 | N1: pt4 | O1: pt5 | P1: Mean
A2: appendicitis | B2: =Training!CC2 -> 95.238095 | C2: =Training!CD2 -> 96.470588 | D2: =Training!CE2 -> 95.294118 | E2: =Training!CF2 -> 95.294118 | F2: =Training!CG2 -> 96.470588 | G2: =AVERAGE(B2:F2) -> 95.753501 | J2: appendicitis | K2: =Test!CC2 -> 81.818182 | L2: =Test!CD2 -> 66.666667 | M2: =Test!CE2 -> 90.47619 | N2: =Test!CF2 -> 90.47619 | O2: =Test!CG2 -> 85.714286 | P2: =AVERAGE(K2:O2) -> 83.030303
A3: balance | B3: =Training!CC3 -> 92.2 | C3: =Training!CD3 -> 92.2 | D3: =Training!CE3 -> 92 | E3: =Training!CF3 -> 92 | F3: =Training!CG3 -> 92 | G3: =AVERAGE(B3:F3) -> 92.08 | J3: balance | K3: =Test!CC3 -> 81.6 | L3: =Test!CD3 -> 87.2 | M3: =Test!CE3 -> 88.8 | N3: =Test!CF3 -> 87.2 | O3: =Test!CG3 -> 85.6 | P3: =AVERAGE(K3:O3) -> 86.08
A4: banana | B4: =Training!CC4 -> 84.95283 | C4: =Training!CD4 -> 87.523585 | D4: =Training!CE4 -> 87.59434 | E4: =Training!CF4 -> 84.882075 | F4: =Training!CG4 -> 86.509434 | G4: =AVERAGE(B4:F4) -> 86.292453 | J4: banana | K4: =Test!CC4 -> 86.415094 | L4: =Test!CD4 -> 82.735849 | M4: =Test!CE4 -> 87.075472 | N4: =Test!CF4 -> 86.132075 | O4: =Test!CG4 -> 84.811321 | P4: =AVERAGE(K4:O4) -> 85.433962
A5: bands | B5: =Training!CC5 -> 91.034483 | C5: =Training!CD5 -> 88.737201 | D5: =Training!CE5 -> 90.378007 | E5: =Training!CF5 -> 89.115646 | F5: =Training!CG5 -> 88.69863 | G5: =AVERAGE(B5:F5) -> 89.592793 | J5: bands | K5: =Test!CC5 -> 66.666667 | L5: =Test!CD5 -> 69.444444 | M5: =Test!CE5 -> 62.162162 | N5: =Test!CF5 -> 70.422535 | O5: =Test!CG5 -> 72.60274 | P5: =AVERAGE(K5:O5) -> 68.25971
A6: bupa | B6: =Training!CC6 -> 80.797101 | C6: =Training!CD6 -> 84.782609 | D6: =Training!CE6 -> 82.246377 | E6: =Training!CF6 -> 79.710145 | F6: =Training!CG6 -> 80.434783 | G6: =AVERAGE(B6:F6) -> 81.594203 | J6: bupa | K6: =Test!CC6 -> 65.217391 | L6: =Test!CD6 -> 65.217391 | M6: =Test!CE6 -> 60.869565 | N6: =Test!CF6 -> 63.768116 | O6: =Test!CG6 -> 71.014493 | P6: =AVERAGE(K6:O6) -> 65.217391
A7: cleveland | B7: =Training!CC7 -> 87.763713 | C7: =Training!CD7 -> 89.873418 | D7: =Training!CE7 -> 88.655462 | E7: =Training!CF7 -> 92.016807 | F7: =Training!CG7 -> 89.07563 | G7: =AVERAGE(B7:F7) -> 89.477006 | J7: cleveland | K7: =Test!CC7 -> 61.666667 | L7: =Test!CD7 -> 46.666667 | M7: =Test!CE7 -> 59.322034 | N7: =Test!CF7 -> 45.762712 | O7: =Test!CG7 -> 54.237288 | P7: =AVERAGE(K7:O7) -> 53.531073
A8: contraceptive | B8: =Training!CC8 -> 63.073005 | C8: =Training!CD8 -> 63.327674 | D8: =Training!CE8 -> 62.648557 | E8: =Training!CF8 -> 63.443596 | F8: =Training!CG8 -> 63.613232 | G8: =AVERAGE(B8:F8) -> 63.221213 | J8: contraceptive | K8: =Test!CC8 -> 54.915254 | L8: =Test!CD8 -> 51.864407 | M8: =Test!CE8 -> 54.576271 | N8: =Test!CF8 -> 55.782313 | O8: =Test!CG8 -> 51.70068 | P8: =AVERAGE(K8:O8) -> 53.767785
A9: ecoli | B9: =Training!CC9 -> 91.41791 | C9: =Training!CD9 -> 89.962825 | D9: =Training!CE9 -> 90.334572 | E9: =Training!CF9 -> 88.104089 | F9: =Training!CG9 -> 91.078067 | G9: =AVERAGE(B9:F9) -> 90.179493 | J9: ecoli | K9: =Test!CC9 -> 75 | L9: =Test!CD9 -> 82.089552 | M9: =Test!CE9 -> 70.149254 | N9: =Test!CF9 -> 80.597015 | O9: =Test!CG9 -> 88.059701 | P9: =AVERAGE(K9:O9) -> 79.179104
A10: glass | B10: =Training!CC10 -> 83.625731 | C10: =Training!CD10 -> 85.964912 | D10: =Training!CE10 -> 85.964912 | E10: =Training!CF10 -> 81.28655 | F10: =Training!CG10 -> 83.139535 | G10: =AVERAGE(B10:F10) -> 83.996328 | J10: glass | K10: =Test!CC10 -> 65.116279 | L10: =Test!CD10 -> 58.139535 | M10: =Test!CE10 -> 62.790698 | N10: =Test!CF10 -> 69.767442 | O10: =Test!CG10 -> 69.047619 | P10: =AVERAGE(K10:O10) -> 64.972315
A11: haberman | B11: =Training!CC11 -> 81.557377 | C11: =Training!CD11 -> 82.040816 | D11: =Training!CE11 -> 82.44898 | E11: =Training!CF11 -> 83.265306 | F11: =Training!CG11 -> 82.857143 | G11: =AVERAGE(B11:F11) -> 82.433924 | J11: haberman | K11: =Test!CC11 -> 77.419355 | L11: =Test!CD11 -> 65.57377 | M11: =Test!CE11 -> 77.04918 | N11: =Test!CF11 -> 70.491803 | O11: =Test!CG11 -> 70.491803 | P11: =AVERAGE(K11:O11) -> 72.205182
A12: hayes-roth | B12: =Training!CC12 -> 89.52381 | C12: =Training!CD12 -> 91.428571 | D12: =Training!CE12 -> 91.509434 | E12: =Training!CF12 -> 91.509434 | F12: =Training!CG12 -> 91.509434 | G12: =AVERAGE(B12:F12) -> 91.096137 | J12: hayes-roth | K12: =Test!CC12 -> 88.888889 | L12: =Test!CD12 -> 77.777778 | M12: =Test!CE12 -> 80.769231 | N12: =Test!CF12 -> 73.076923 | O12: =Test!CG12 -> 73.076923 | P12: =AVERAGE(K12:O12) -> 78.717949
A13: ion | B13: =Training!CC13 -> 99.285714 | C13: =Training!CD13 -> 99.644128 | D13: =Training!CE13 -> 100 | E13: =Training!CF13 -> 99.288256 | F13: =Training!CG13 -> 98.932384 | G13: =AVERAGE(B13:F13) -> 99.430097 | J13: ion | K13: =Test!CC13 -> 85.915493 | L13: =Test!CD13 -> 82.857143 | M13: =Test!CE13 -> 85.714286 | N13: =Test!CF13 -> 97.142857 | O13: =Test!CG13 -> 88.571429 | P13: =AVERAGE(K13:O13) -> 88.040241
... A34: yeast | B34: =Training!CC34 -> 62.679023 | C34: =Training!CD34 -> 64.026959 | D34: =Training!CE34 -> 65.627633 | E34: =Training!CF34 -> 63.689975 | F34: =Training!CG34 -> 63.804714 | G34: =AVERAGE(B34:F34) -> 63.965661 | J34: yeast | K34: =Test!CC34 -> 59.59596 | L34: =Test!CD34 -> 57.239057 | M34: =Test!CE34 -> 56.228956 | N34: =Test!CF34 -> 53.872054 | O34: =Test!CG34 -> 57.094595 | P34: =AVERAGE(K34:O34) -> 56.806124
A36: Mean | G36: =AVERAGE(G2:G34) -> 88.964983 | J36: Mean | P36: =AVERAGE(P2:P34) -> 79.436369

Sheet 18_1
A1: Dataset | B1: pt1 | C1: pt2 | D1: pt3 | E1: pt4 | F1: pt5 | G1: Mean | J1: Dataset | K1: pt1 | L1: pt2 | M1: pt3 | N1: pt4 | O1: pt5 | P1: Mean
A2: appendicitis | B2: =Training!CH2 -> 95.238095 | C2: =Training!CI2 -> 95.294118 | D2: =Training!CJ2 -> 94.117647 | E2: =Training!CK2 -> 95.294118 | F2: =Training!CL2 -> 95.294118 | G2: =AVERAGE(B2:F2) -> 95.047619 | J2: appendicitis | K2: =Test!CH2 -> 81.818182 | L2: =Test!CI2 -> 80.952381 | M2: =Test!CJ2 -> 90.47619 | N2: =Test!CK2 -> 90.47619 | O2: =Test!CL2 -> 80.952381 | P2: =AVERAGE(K2:O2) -> 84.935065
A3: balance | B3: =Training!CH3 -> 91.4 | C3: =Training!CI3 -> 91.2 | D3: =Training!CJ3 -> 91.2 | E3: =Training!CK3 -> 91.4 | F3: =Training!CL3 -> 90.8 | G3: =AVERAGE(B3:F3) -> 91.2 | J3: balance | K3: =Test!CH3 -> 80 | L3: =Test!CI3 -> 89.6 | M3: =Test!CJ3 -> 89.6 | N3: =Test!CK3 -> 80 | O3: =Test!CL3 -> 82.4 | P3: =AVERAGE(K3:O3) -> 84.32
A4: banana | B4: =Training!CH4 -> 86.273585 | C4: =Training!CI4 -> 86.415094 | D4: =Training!CJ4 -> 86.462264 | E4: =Training!CK4 -> 83.443396 | F4: =Training!CL4 -> 85.353774 | G4: =AVERAGE(B4:F4) -> 85.589623 | J4: banana | K4: =Test!CH4 -> 84.433962 | L4: =Test!CI4 -> 83.396226 | M4: =Test!CJ4 -> 85.09434 | N4: =Test!CK4 -> 83.301887 | O4: =Test!CL4 -> 85 | P4: =AVERAGE(K4:O4) -> 84.245283
A5: bands | B5: =Training!CH5 -> 91.034483 | C5: =Training!CI5 -> 87.372014 | D5: =Training!CJ5 -> 89.690722 | E5: =Training!CK5 -> 89.455782 | F5: =Training!CL5 -> 89.041096 | G5: =AVERAGE(B5:F5) -> 89.318819 | J5: bands | K5: =Test!CH5 -> 72 | L5: =Test!CI5 -> 77.777778 | M5: =Test!CJ5 -> 68.918919 | N5: =Test!CK5 -> 74.647887 | O5: =Test!CL5 -> 69.863014 | P5: =AVERAGE(K5:O5) -> 72.64152
A6: bupa | B6: =Training!CH6 -> 77.173913 | C6: =Training!CI6 -> 80.072464 | D6: =Training!CJ6 -> 76.086957 | E6: =Training!CK6 -> 78.985507 | F6: =Training!CL6 -> 78.985507 | G6: =AVERAGE(B6:F6) -> 78.26087 | J6: bupa | K6: =Test!CH6 -> 62.318841 | L6: =Test!CI6 -> 57.971014 | M6: =Test!CJ6 -> 57.971014 | N6: =Test!CK6 -> 65.217391 | O6: =Test!CL6 -> 76.811594 | P6: =AVERAGE(K6:O6) -> 64.057971
A7: cleveland | B7: =Training!CH7 -> 89.873418 | C7: =Training!CI7 -> 89.029536 | D7: =Training!CJ7 -> 90.336134 | E7: =Training!CK7 -> 90.756303 | F7: =Training!CL7 -> 89.495798 | G7: =AVERAGE(B7:F7) -> 89.898238 | J7: cleveland | K7: =Test!CH7 -> 65 | L7: =Test!CI7 -> 53.333333 | M7: =Test!CJ7 -> 59.322034 | N7: =Test!CK7 -> 52.542373 | O7: =Test!CL7 -> 54.237288 | P7: =AVERAGE(K7:O7) -> 56.887006
A8: contraceptive | B8: =Training!CH8 -> 61.205433 | C8: =Training!CI8 -> 60.780985 | D8: =Training!CJ8 -> 60.441426 | E8: =Training!CK8 -> 61.662426 | F8: =Training!CL8 -> 61.916879 | G8: =AVERAGE(B8:F8) -> 61.20143 | J8: contraceptive | K8: =Test!CH8 -> 53.220339 | L8: =Test!CI8 -> 48.474576 | M8: =Test!CJ8 -> 51.525424 | N8: =Test!CK8 -> 51.70068 | O8: =Test!CL8 -> 52.380952 | P8: =AVERAGE(K8:O8) -> 51.460394
A9: ecoli | B9: =Training!CH9 -> 91.41791 | C9: =Training!CI9 -> 91.449814 | D9: =Training!CJ9 -> 91.449814 | E9: =Training!CK9 -> 89.591078 | F9: =Training!CL9 -> 93.30855 | G9: =AVERAGE(B9:F9) -> 91.443433 | J9: ecoli | K9: =Test!CH9 -> 75 | L9: =Test!CI9 -> 82.089552 | M9: =Test!CJ9 -> 68.656716 | N9: =Test!CK9 -> 77.61194 | O9: =Test!CL9 -> 88.059701 | P9: =AVERAGE(K9:O9) -> 78.283582
A10: glass | B10: =Training!CH10 -> 82.45614 | C10: =Training!CI10 -> 85.964912 | D10: =Training!CJ10 -> 83.625731 | E10: =Training!CK10 -> 81.871345 | F10: =Training!CL10 -> 83.72093 | G10: =AVERAGE(B10:F10) -> 83.527812 | J10: glass | K10: =Test!CH10 -> 62.790698 | L10: =Test!CI10 -> 58.139535 | M10: =Test!CJ10 -> 62.790698 | N10: =Test!CK10 -> 67.44186 | O10: =Test!CL10 -> 73.809524 | P10: =AVERAGE(K10:O10) -> 64.994463
A11: haberman | B11: =Training!CH11 -> 80.327869 | C11: =Training!CI11 -> 83.265306 | D11: =Training!CJ11 -> 82.040816 | E11: =Training!CK11 -> 82.857143 | F11: =Training!CL11 -> 82.857143 | G11: =AVERAGE(B11:F11) -> 82.269655 | J11: haberman | K11: =Test!CH11 -> 77.419355 | L11: =Test!CI11 -> 67.213115 | M11: =Test!CJ11 -> 70.491803 | N11: =Test!CK11 -> 77.04918 | O11: =Test!CL11 -> 67.213115 | P11: =AVERAGE(K11:O11) -> 71.877314
A12: hayes-roth | B12: =Training!CH12 -> 89.52381 | C12: =Training!CI12 -> 91.428571 | D12: =Training!CJ12 -> 91.509434 | E12: =Training!CK12 -> 91.509434 | F12: =Training!CL12 -> 91.509434 | G12: =AVERAGE(B12:F12) -> 91.096137 | J12: hayes-roth | K12: =Test!CH12 -> 88.888889 | L12: =Test!CI12 -> 77.777778 | M12: =Test!CJ12 -> 80.769231 | N12: =Test!CK12 -> 73.076923 | O12: =Test!CL12 -> 73.076923 | P12: =AVERAGE(K12:O12) -> 78.717949
A13: ion | B13: =Training!CH13 -> 99.285714 | C13: =Training!CI13 -> 98.932384 | D13: =Training!CJ13 -> 98.576512 | E13: =Training!CK13 -> 98.576512 | F13: =Training!CL13 -> 98.932384 | G13: =AVERAGE(B13:F13) -> 98.860702 | J13: ion | K13: =Test!CH13 -> 85.915493 | L13: =Test!CI13 -> 88.571429 | M13: =Test!CJ13 -> 90 | N13: =Test!CK13 -> 95.714286 | O13: =Test!CL13 -> 91.428571 | P13: =AVERAGE(K13:O13) -> 90.325956
... A34: yeast | B34: =Training!CH34 -> 62.594777 | C34: =Training!CI34 -> 65.374895 | D34: =Training!CJ34 -> 65.206403 | E34: =Training!CK34 -> 62.594777 | F34: =Training!CL34 -> 63.888889 | G34: =AVERAGE(B34:F34) -> 63.931948 | J34: yeast | K34: =Test!CH34 -> 59.59596 | L34: =Test!CI34 -> 57.912458 | M34: =Test!CJ34 -> 57.239057 | N34: =Test!CK34 -> 56.228956 | O34: =Test!CL34 -> 60.472973 | P34: =AVERAGE(K34:O34) -> 58.289881
A36: Mean | G36: =AVERAGE(G2:G34) -> 88.855999 | J36: Mean | P36: =AVERAGE(P2:P34) -> 79.681944

Sheet 19_1
A1: Dataset | B1: pt1 | C1: pt2 | D1: pt3 | E1: pt4 | F1: pt5 | G1: Mean | J1: Dataset | K1: pt1 | L1: pt2 | M1: pt3 | N1: pt4 | O1: pt5 | P1: Mean
A2: appendicitis | B2: =Training!CM2 -> 95.238095 | C2: =Training!CN2 -> 97.647059 | D2: =Training!CO2 -> 96.470588 | E2: =Training!CP2 -> 95.294118 | F2: =Training!CQ2 -> 96.470588 | G2: =AVERAGE(B2:F2) -> 96.22409 | J2: appendicitis | K2: =Test!CM2 -> 77.272727 | L2: =Test!CN2 -> 76.190476 | M2: =Test!CO2 -> 85.714286 | N2: =Test!CP2 -> 90.47619 | O2: =Test!CQ2 -> 80.952381 | P2: =AVERAGE(K2:O2) -> 82.121212
A3: balance | B3: =Training!CM3 -> 92.2 | C3: =Training!CN3 -> 92.2 | D3: =Training!CO3 -> 92 | E3: =Training!CP3 -> 92.2 | F3: =Training!CQ3 -> 92.2 | G3: =AVERAGE(B3:F3) -> 92.16 | J3: balance | K3: =Test!CM3 -> 85.6 | L3: =Test!CN3 -> 88 | M3: =Test!CO3 -> 87.2 | N3: =Test!CP3 -> 85.6 | O3: =Test!CQ3 -> 86.4 | P3: =AVERAGE(K3:O3) -> 86.56
A4: banana | B4: =Training!CM4 -> 85.495283 | C4: =Training!CN4 -> 85.613208 | D4: =Training!CO4 -> 84.882075 | E4: =Training!CP4 -> 85.212264 | F4: =Training!CQ4 -> 87.216981 | G4: =AVERAGE(B4:F4) -> 85.683962 | J4: banana | K4: =Test!CM4 -> 82.735849 | L4: =Test!CN4 -> 83.207547 | M4: =Test!CO4 -> 86.603774 | N4: =Test!CP4 -> 84.150943 | O4: =Test!CQ4 -> 87.075472 | P4: =AVERAGE(K4:O4) -> 84.754717
A5: bands | B5: =Training!CM5 -> 91.724138 | C5: =Training!CN5 -> 89.078498 | D5: =Training!CO5 -> 90.378007 | E5: =Training!CP5 -> 89.455782 | F5: =Training!CQ5 -> 89.726027 | G5: =AVERAGE(B5:F5) -> 90.072491 | J5: bands | K5: =Test!CM5 -> 64 | L5: =Test!CN5 -> 66.666667 | M5: =Test!CO5 -> 63.513514 | N5: =Test!CP5 -> 74.647887 | O5: =Test!CQ5 -> 72.60274 | P5: =AVERAGE(K5:O5) -> 68.286161
A6: bupa | B6: =Training!CM6 -> 82.608696 | C6: =Training!CN6 -> 81.15942 | D6: =Training!CO6 -> 82.246377 | E6: =Training!CP6 -> 78.985507 | F6: =Training!CQ6 -> 80.072464 | G6: =AVERAGE(B6:F6) -> 81.014493 | J6: bupa | K6: =Test!CM6 -> 71.014493 | L6: =Test!CN6 -> 69.565217 | M6: =Test!CO6 -> 56.521739 | N6: =Test!CP6 -> 59.42029 | O6: =Test!CQ6 -> 71.014493 | P6: =AVERAGE(K6:O6) -> 65.507246
A7: cleveland | B7: =Training!CM7 -> 88.607595 | C7: =Training!CN7 -> 90.7173 | D7: =Training!CO7 -> 89.915966 | E7: =Training!CP7 -> 91.176471 | F7: =Training!CQ7 -> 89.915966 | G7: =AVERAGE(B7:F7) -> 90.06666 | J7: cleveland | K7: =Test!CM7 -> 63.333333 | L7: =Test!CN7 -> 55 | M7: =Test!CO7 -> 62.711864 | N7: =Test!CP7 -> 49.152542 | O7: =Test!CQ7 -> 55.932203 | P7: =AVERAGE(K7:O7) -> 57.225989
A8: contraceptive | B8: =Training!CM8 -> 63.752122 | C8: =Training!CN8 -> 63.752122 | D8: =Training!CO8 -> 62.818336 | E8: =Training!CP8 -> 63.528414 | F8: =Training!CQ8 -> 62.171332 | G8: =AVERAGE(B8:F8) -> 63.204465 | J8: contraceptive | K8: =Test!CM8 -> 56.610169 | L8: =Test!CN8 -> 50.508475 | M8: =Test!CO8 -> 51.864407 | N8: =Test!CP8 -> 55.102041 | O8: =Test!CQ8 -> 53.401361 | P8: =AVERAGE(K8:O8) -> 53.49729
A9: ecoli | B9: =Training!CM9 -> 91.791045 | C9: =Training!CN9 -> 89.962825 | D9: =Training!CO9 -> 90.70632 | E9: =Training!CP9 -> 89.962825 | F9: =Training!CQ9 -> 92.565056 | G9: =AVERAGE(B9:F9) -> 90.997614 | J9: ecoli | K9: =Test!CM9 -> 76.470588 | L9: =Test!CN9 -> 83.58209 | M9: =Test!CO9 -> 71.641791 | N9: =Test!CP9 -> 76.119403 | O9: =Test!CQ9 -> 83.58209 | P9: =AVERAGE(K9:O9) -> 78.279192
A10: glass | B10: =Training!CM10 -> 83.040936 | C10: =Training!CN10 -> 85.380117 | D10: =Training!CO10 -> 85.964912 | E10: =Training!CP10 -> 81.28655 | F10: =Training!CQ10 -> 84.302326 | G10: =AVERAGE(B10:F10) -> 83.994968 | J10: glass | K10: =Test!CM10 -> 58.139535 | L10: =Test!CN10 -> 60.465116 | M10: =Test!CO10 -> 60.465116 | N10: =Test!CP10 -> 65.116279 | O10: =Test!CQ10 -> 66.666667 | P10: =AVERAGE(K10:O10) -> 62.170543
A11: haberman | B11: =Training!CM11 -> 81.557377 | C11: =Training!CN11 -> 82.857143 | D11: =Training!CO11 -> 82.857143 | E11: =Training!CP11 -> 82.44898 | F11: =Training!CQ11 -> 82.857143 | G11: =AVERAGE(B11:F11) -> 82.515557 | J11: haberman | K11: =Test!CM11 -> 70.967742 | L11: =Test!CN11 -> 67.213115 | M11: =Test!CO11 -> 72.131148 | N11: =Test!CP11 -> 68.852459 | O11: =Test!CQ11 -> 70.491803 | P11: =AVERAGE(K11:O11) -> 69.931253
A12: hayes-roth | B12: =Training!CM12 -> 89.52381 | C12: =Training!CN12 -> 91.428571 | D12: =Training!CO12 -> 91.509434 | E12: =Training!CP12 -> 91.509434 | F12: =Training!CQ12 -> 91.509434 | G12: =AVERAGE(B12:F12) -> 91.096137 | J12: hayes-roth | K12: =Test!CM12 -> 88.888889 | L12: =Test!CN12 -> 77.777778 | M12: =Test!CO12 -> 80.769231 | N12: =Test!CP12 -> 73.076923 | O12: =Test!CQ12 -> 73.076923 | P12: =AVERAGE(K12:O12) -> 78.717949
A13: ion | B13: =Training!CM13 -> 98.928571 | C13: =Training!CN13 -> 99.644128 | D13: =Training!CO13 -> 100 | E13: =Training!CP13 -> 99.644128 | F13: =Training!CQ13 -> 98.576512 | G13: =AVERAGE(B13:F13) -> 99.358668 | J13: ion | K13: =Test!CM13 -> 85.915493 | L13: =Test!CN13 -> 88.571429 | M13: =Test!CO13 -> 84.285714 | N13: =Test!CP13 -> 94.285714 | O13: =Test!CQ13 -> 87.142857 | P13: =AVERAGE(K13:O13) -> 88.040241
... A34: yeast | B34: =Training!CM34 -> 62.257793 | C34: =Training!CN34 -> 64.195451 | D34: =Training!CO34 -> 64.616681 | E34: =Training!CP34 -> 63.521483 | F34: =Training!CQ34 -> 63.047138 | G34: =AVERAGE(B34:F34) -> 63.527709 | J34: yeast | K34: =Test!CM34 -> 60.942761 | L34: =Test!CN34 -> 56.565657 | M34: =Test!CO34 -> 56.565657 | N34: =Test!CP34 -> 55.892256 | O34: =Test!CQ34 -> 57.094595 | P34: =AVERAGE(K34:O34) -> 57.412185
A36: Mean | G36: =AVERAGE(G2:G34) -> 88.901481 | J36: Mean | P36: =AVERAGE(P2:P34) -> 79.249567

Sheet ResultsTr
B1: 1 | C1: 2 | D1: 3 | E1: 4 | F1: 5 | G1: 6 | H1: 8 | I1: 9 | J1: 10 | K1: 11 | L1: 12 | M1: 13 | N1: 14 | O1: 15 | P1: 16 | Q1: 17 | R1: 18 | S1: 19
A2: Dataset | B2: Min | C2: Prod | D2: Luk | E2: Ham | F2: Ob | G2: GM_1 | H2: Odiv | I2: OmM | J2: Sin | K2: GB | L2: GMD | M2: Gdiv | N2: GOmM | O2: GSIN | P2: MAX | Q2: ProbSum | R2: BoundedLuk | S2: Einstein_Sum
A3: appendicitis | B3: ='1_1'!G2 -> 97.403361 | C3: ='2_1'!G2 -> 96.459384 | D3: ='3_1'!G2 -> 96.459384 | E3: ='4_1'!G2 -> 95.988796 | F3: ='5_1'!G2 -> 96.459384 | G3: ='6_1'!G2 -> 96.459384 | H3: ='8_1'!G2 -> 95.988796 | I3: ='9_1'!G2 -> 96.459384 | J3: ='10_1'!G2 -> 95.047619 | K3: ='11_1'!G2 -> 95.988796 | L3: ='12_1'!G2 -> 95.756303 | M3: ='13_1'!G2 -> 96.459384 | N3: ='14_1'!G2 -> 96.697479 | O3: ='15_1'!G2 -> 96.226891 | P3: ='16_1'!G2 -> 95.988796 | Q3: ='17_1'!G2 -> 95.753501 | R3: ='18_1'!G2 -> 95.047619 | S3: ='19_1'!G2 -> 96.22409
A4: balance | B4: ='1_1'!G3 -> 85.72 | C4: ='2_1'!G3 -> 86.36 | D4: ='3_1'!G3 -> 86.28 | E4: ='4_1'!G3 -> 85.36 | F4: ='5_1'!G3 -> 86.52 | G4: ='6_1'!G3 -> 92.08 | H4: ='8_1'!G3 -> 86.12 | I4: ='9_1'!G3 -> 85.8 | J4: ='10_1'!G3 -> 91.2 | K4: ='11_1'!G3 -> 92.04 | L4: ='12_1'!G3 -> 85.4 | M4: ='13_1'!G3 -> 91.96 | N4: ='14_1'!G3 -> 86.68 | O4: ='15_1'!G3 -> 85.12 | P4: ='16_1'!G3 -> 91.68 | Q4: ='17_1'!G3 -> 92.08 | R4: ='18_1'!G3 -> 91.2 | S4: ='19_1'!G3 -> 92.16
A5: banana | B5: ='1_1'!G4 -> 85.962264 | C5: ='2_1'!G4 -> 87.207547 | D5: ='3_1'!G4 -> 84.764151 | E5: ='4_1'!G4 -> 85.816038 | F5: ='5_1'!G4 -> 86.448113 | G5: ='6_1'!G4 -> 84.783019 | H5: ='8_1'!G4 -> 86.759434 | I5: ='9_1'!G4 -> 85.575472 | J5: ='10_1'!G4 -> 85.589623 | K5: ='11_1'!G4 -> 85.084906 | L5: ='12_1'!G4 -> 85.863208 | M5: ='13_1'!G4 -> 84.820755 | N5: ='14_1'!G4 -> 86.471698 | O5: ='15_1'!G4 -> 84.985849 | P5: ='16_1'!G4 -> 85.438679 | Q5: ='17_1'!G4 -> 86.292453 | R5: ='18_1'!G4 -> 85.589623 | S5: ='19_1'!G4 -> 85.683962
A6: bands | B6: ='1_1'!G5 -> 88.83351 | C6: ='2_1'!G5 -> 87.329202 | D6: ='3_1'!G5 -> 87.609722 | E6: ='4_1'!G5 -> 88.285755 | F6: ='5_1'!G5 -> 87.877616 | G6: ='6_1'!G5 -> 87.743198 | H6: ='8_1'!G5 -> 88.286474 | I6: ='9_1'!G5 -> 87.330351 | J6: ='10_1'!G5 -> 89.318819 | K6: ='11_1'!G5 -> 89.181119 | L6: ='12_1'!G5 -> 88.156717 | M6: ='13_1'!G5 -> 89.52312 | N6: ='14_1'!G5 -> 88.42768 | O6: ='15_1'!G5 -> 87.332468 | P6: ='16_1'!G5 -> 89.589746 | Q6: ='17_1'!G5 -> 89.592793 | R6: ='18_1'!G5 -> 89.318819 | S6: ='19_1'!G5 -> 90.072491
A7: bupa | B7: ='1_1'!G6 -> 80.072464 | C7: ='2_1'!G6 -> 78.913043 | D7: ='3_1'!G6 -> 79.057971 | E7: ='4_1'!G6 -> 79.782609 | F7: ='5_1'!G6 -> 80.289855 | G7: ='6_1'!G6 -> 78.043478 | H7: ='8_1'!G6 -> 81.231884 | I7: ='9_1'!G6 -> 80.57971 | J7: ='10_1'!G6 -> 78.26087 | K7: ='11_1'!G6 -> 81.014493 | L7: ='12_1'!G6 -> 79.710145 | M7: ='13_1'!G6 -> 81.086957 | N7: ='14_1'!G6 -> 80.434783 | O7: ='15_1'!G6 -> 78.985507 | P7: ='16_1'!G6 -> 81.521739 | Q7: ='17_1'!G6 -> 81.594203 | R7: ='18_1'!G6 -> 78.26087 | S7: ='19_1'!G6 -> 81.014493
A8: cleveland | B8: ='1_1'!G7 -> 90.31947 | C8: ='2_1'!G7 -> 89.393327 | D8: ='3_1'!G7 -> 89.308584 | E8: ='4_1'!G7 -> 89.646492 | F8: ='5_1'!G7 -> 88.888062 | G8: ='6_1'!G7 -> 88.468248 | H8: ='8_1'!G7 -> 90.151048 | I8: ='9_1'!G7 -> 89.226323 | J8: ='10_1'!G7 -> 89.898238 | K8: ='11_1'!G7 -> 90.066305 | L8: ='12_1'!G7 -> 89.140872 | M8: ='13_1'!G7 -> 90.320179 | N8: ='14_1'!G7 -> 90.151402 | O8: ='15_1'!G7 -> 89.731234 | P8: ='16_1'!G7 -> 89.729461 | Q8: ='17_1'!G7 -> 89.477006 | R8: ='18_1'!G7 -> 89.898238 | S8: ='19_1'!G7 -> 90.06666
A9: contraceptive | B9: ='1_1'!G8 -> 60.50581 | C9: ='2_1'!G8 -> 60.268133 | D9: ='3_1'!G8 -> 59.046198 | E9: ='4_1'!G8 -> 59.300766 | F9: ='5_1'!G8 -> 60.302247 | G9: ='6_1'!G8 -> 62.202911 | H9: ='8_1'!G8 -> 59.861066 | I9: ='9_1'!G8 -> 59.589563 | J9: ='10_1'!G8 -> 61.20143 | K9: ='11_1'!G8 -> 62.304952 | L9: ='12_1'!G8 -> 59.487408 | M9: ='13_1'!G8 -> 62.661244 | N9: ='14_1'!G8 -> 60.658554 | O9: ='15_1'!G8 -> 59.352031 | P9: ='16_1'!G8 -> 61.812505 | Q9: ='17_1'!G8 -> 63.221213 | R9: ='18_1'!G8 -> 61.20143 | S9: ='19_1'!G8 -> 63.204465
A10: ecoli | B10: ='1_1'!G9 -> 89.657105 | C10: ='2_1'!G9 -> 90.401986 | D10: ='3_1'!G9 -> 90.62448 | E10: ='4_1'!G9 -> 90.25301 | F10: ='5_1'!G9 -> 89.805526 | G10: ='6_1'!G9 -> 91.295567 | H10: ='8_1'!G9 -> 89.880985 | I10: ='9_1'!G9 -> 89.657105 | J10: ='10_1'!G9 -> 91.443433 | K10: ='11_1'!G9 -> 89.658492 | L10: ='12_1'!G9 -> 89.95589 | M10: ='13_1'!G9 -> 90.178938 | N10: ='14_1'!G9 -> 90.104311 | O10: ='15_1'!G9 -> 89.285912 | P10: ='16_1'!G9 -> 90.772901 | Q10: ='17_1'!G9 -> 90.179493 | R10: ='18_1'!G9 -> 91.443433 | S10: ='19_1'!G9 -> 90.997614
A11: glass | B11: ='1_1'!G10 -> 83.411533 | C11: ='2_1'!G10 -> 84.464164 | D11: ='3_1'!G10 -> 84.814361 | E11: ='4_1'!G10 -> 83.994968 | F11: ='5_1'!G10 -> 84.346525 | G11: ='6_1'!G10 -> 83.064055 | H11: ='8_1'!G10 -> 83.529852 | I11: ='9_1'!G10 -> 82.827417 | J11: ='10_1'!G10 -> 83.527812 | K11: ='11_1'!G10 -> 83.643411 | L11: ='12_1'!G10 -> 83.295934 | M11: ='13_1'!G10 -> 83.996328 | N11: ='14_1'!G10 -> 84.230246 | O11: ='15_1'!G10 -> 83.178975 | P11: ='16_1'!G10 -> 83.176255 | Q11: ='17_1'!G10 -> 83.996328 | R11: ='18_1'!G10 -> 83.527812 | S11: ='19_1'!G10 -> 83.994968
A12: haberman | B12: ='1_1'!G11 -> 83.414854 | C12: ='2_1'!G11 -> 83.823018 | D12: ='3_1'!G11 -> 83.577785 | E12: ='4_1'!G11 -> 83.577451 | F12: ='5_1'!G11 -> 83.251255 | G12: ='6_1'!G11 -> 82.678822 | H12: ='8_1'!G11 -> 84.232185 | I12: ='9_1'!G11 -> 83.659752 | J12: ='10_1'!G11 -> 82.269655 | K12: ='11_1'!G11 -> 82.679157 | L12: ='12_1'!G11 -> 83.41452 | M12: ='13_1'!G11 -> 82.271328 | N12: ='14_1'!G11 -> 83.742389 | O12: ='15_1'!G11 -> 83.168618 | P12: ='16_1'!G11 -> 83.087989 | Q12: ='17_1'!G11 -> 82.433924 | R12: ='18_1'!G11 -> 82.269655 | S12: ='19_1'!G11 -> 82.515557
A13: hayes-roth | B13: ='1_1'!G12 -> 91.096137 | C13: ='2_1'!G12 -> 91.096137 | D13: ='3_1'!G12 -> 91.096137 | E13: ='4_1'!G12 -> 91.096137 | F13: ='5_1'!G12 -> 91.096137 | G13: ='6_1'!G12 -> 91.284816 | H13: ='8_1'!G12 -> 91.096137 | I13: ='9_1'!G12 -> 91.096137 | J13: ='10_1'!G12 -> 91.096137 | K13: ='11_1'!G12 -> 91.096137 | L13: ='12_1'!G12 -> 91.096137 | M13: ='13_1'!G12 -> 91.096137 | N13: ='14_1'!G12 -> 91.096137 | O13: ='15_1'!G12 -> 91.096137 | P13: ='16_1'!G12 -> 91.096137 | Q13: ='17_1'!G12 -> 91.096137 | R13: ='18_1'!G12 -> 91.096137 | S13: ='19_1'!G12 -> 91.096137
A14: ion | B14: ='1_1'!G13 -> 99.430097 | C14: ='2_1'!G13 -> 99.00305 | D14: ='3_1'!G13 -> 99.216573 | E14: ='4_1'!G13 -> 99.358922 | F14: ='5_1'!G13 -> 99.073716 | G14: ='6_1'!G13 -> 98.789527 | H14: ='8_1'!G13 -> 98.717844 | I14: ='9_1'!G13 -> 98.717844 | J14: ='10_1'!G13 -> 98.860702 | K14: ='11_1'!G13 -> 99.216573 | L14: ='12_1'!G13 -> 98.860447 | M14: ='13_1'!G13 -> 99.501271 | N14: ='14_1'!G13 -> 99.358922 | O14: ='15_1'!G13 -> 98.64667 | P14: ='16_1'!G13 -> 99.430097 | Q14: ='17_1'!G13 -> 99.430097 | R14: ='18_1'!G13 -> 98.860702 | S14: ='19_1'!G13 -> 99.358668
... A35: yeast | B35: ='1_1'!G34 -> 62.702268 | C35: ='2_1'!G34 -> 62.954935 | D35: ='3_1'!G34 -> 62.432979 | E35: ='4_1'!G34 -> 62.668754 | F35: ='5_1'!G34 -> 61.94448 | G35: ='6_1'!G34 -> 63.190853 | H35: ='8_1'!G34 -> 62.618093 | I35: ='9_1'!G34 -> 62.331657 | J35: ='10_1'!G34 -> 63.931948 | K35: ='11_1'!G34 -> 63.308868 | L35: ='12_1'!G34 -> 62.635169 | M35: ='13_1'!G34 -> 63.780504 | N35: ='14_1'!G34 -> 62.702311 | O35: ='15_1'!G34 -> 61.944225 | P35: ='16_1'!G34 -> 63.477303 | Q35: ='17_1'!G34 -> 63.965661 | R35: ='18_1'!G34 -> 63.931948 | S35: ='19_1'!G34 -> 63.527709
A37: Mean | B37: =AVERAGE(B3:B35) -> 87.964595 | C37: =AVERAGE(C3:C35) -> 87.827445 | D37: =AVERAGE(D3:D35) -> 87.67733 | E37: =AVERAGE(E3:E35) -> 87.829385 | F37: =AVERAGE(F3:F35) -> 87.878193 | G37: =AVERAGE(G3:G35) -> 88.783163 | H37: =AVERAGE(H3:H35) -> 87.96933 | I37: =AVERAGE(I3:I35) -> 87.676791 | ... S37: =AVERAGE(S3:S35) -> 88.901481

Sheet ResultsTst
B1: 1 | C1: 2 | D1: 3 | E1: 4 | F1: 5 | G1: 6 | H1: 8 | I1: 9 | J1: 10 | K1: 11 | L1: 12 | M1: 13 | N1: 14 | O1: 15 | P1: 16 | Q1: 17 | R1: 18 | S1: 19
A2: Dataset | B2: Min | C2: Prod | D2: Luk | E2: Ham | F2: Ob | G2: GM_1 | H2: Odiv | I2: OmM | J2: Sin | K2: GB | L2: GMD | M2: Gdiv | N2: GOmM | O2: GSIN | P2: MAX | Q2: ProbSum | R2: BoundedLuk | S2: Einstein_Sum
A3: appendicitis | B3: ='1_1'!P2 -> 87.705628 | C3: ='2_1'!P2 -> 86.796537 | D3: ='3_1'!P2 -> 82.034632 | E3: ='4_1'!P2 -> 83.982684 | F3: ='5_1'!P2 -> 87.705628 | G3: ='6_1'!P2 -> 83.030303 | H3: ='8_1'!P2 -> 83.982684 | I3: ='9_1'!P2 -> 83.939394 | J3: ='10_1'!P2 -> 84.935065 | K3: ='11_1'!P2 -> 80.17316 | L3: ='12_1'!P2 -> 86.796537 | M3: ='13_1'!P2 -> 83.982684 | N3: ='14_1'!P2 -> 83.982684 | O3: ='15_1'!P2 -> 82.077922 | P3: ='16_1'!P2 -> 83.030303 | Q3: ='17_1'!P2 -> 83.030303 | R3: ='18_1'!P2 -> 84.935065 | S3: ='19_1'!P2 -> 82.121212
A4: balance | B4: ='1_1'!P3 -> 81.44 | C4: ='2_1'!P3 -> 82.72 | D4: ='3_1'!P3 -> 77.76 | E4: ='4_1'!P3 -> 84.32 | F4: ='5_1'!P3 -> 82.72 | G4: ='6_1'!P3 -> 88.48 | H4: ='8_1'!P3 -> 81.92 | I4: ='9_1'!P3 -> 84.48 | J4: ='10_1'!P3 -> 84.32 | K4: ='11_1'!P3 -> 86.4 | L4: ='12_1'!P3 -> 78.08 | M4: ='13_1'!P3 -> 85.12 | N4: ='14_1'!P3 -> 83.84 | O4: ='15_1'!P3 -> 76.64 | P4: ='16_1'!P3 -> 85.76 | Q4: ='17_1'!P3 -> 86.08 | R4: ='18_1'!P3 -> 84.32 | S4: ='19_1'!P3 -> 86.56
A5: banana | B5: ='1_1'!P4 -> 84.113208 | C5: ='2_1'!P4 -> 85.603774 | D5: ='3_1'!P4 -> 84.735849 | E5: ='4_1'!P4 -> 85.603774 | F5: ='5_1'!P4 -> 86.09434 | G5: ='6_1'!P4 -> 83.679245 | H5: ='8_1'!P4 -> 85.169811 | I5: ='9_1'!P4 -> 84.358491 | J5: ='10_1'!P4 -> 84.245283 | K5: ='11_1'!P4 -> 84.509434 | L5: ='12_1'!P4 -> 85.849057 | M5: ='13_1'!P4 -> 85.490566 | N5: ='14_1'!P4 -> 86.056604 | O5: ='15_1'!P4 -> 83.849057 | P5: ='16_1'!P4 -> 84.886792 | Q5: ='17_1'!P4 -> 85.433962 | R5: ='18_1'!P4 -> 84.245283 | S5: ='19_1'!P4 -> 84.754717
A6: bands | B6: ='1_1'!P5 -> 69.352614 | C6: ='2_1'!P5 -> 70.985132 | D6: ='3_1'!P5 -> 67.624944 | E6: ='4_1'!P5 -> 69.1123 | F6: ='5_1'!P5 -> 68.792327 | G6: ='6_1'!P5 -> 69.07526 | H6: ='8_1'!P5 -> 66.048397 | I6: ='9_1'!P5 -> 70.136784 | J6: ='10_1'!P5 -> 72.64152 | K6: ='11_1'!P5 -> 68.838319 | L6: ='12_1'!P5 -> 68.511155 | M6: ='13_1'!P5 -> 68.86867 | N6: ='14_1'!P5 -> 69.029469 | O6: ='15_1'!P5 -> 67.388942 | P6: ='16_1'!P5 -> 69.686577 | Q6: ='17_1'!P5 -> 68.25971 | R6: ='18_1'!P5 -> 72.64152 | S6: ='19_1'!P5 -> 68.286161
A7: bupa | B7: ='1_1'!P6 -> 66.666667 | C7: ='2_1'!P6 -> 62.898551 | D7: ='3_1'!P6 -> 64.927536 | E7: ='4_1'!P6 -> 64.347826 | F7: ='5_1'!P6 -> 66.376812 | G7: ='6_1'!P6 -> 63.478261 | H7: ='8_1'!P6 -> 66.086957 | I7: ='9_1'!P6 -> 65.507246 | J7: ='10_1'!P6 -> 64.057971 | K7: ='11_1'!P6 -> 63.478261 | L7: ='12_1'!P6 -> 65.217391 | M7: ='13_1'!P6 -> 65.797101 | N7: ='14_1'!P6 -> 66.956522 | O7: ='15_1'!P6 -> 60.869565 | P7: ='16_1'!P6 -> 65.217391 | Q7: ='17_1'!P6 -> 65.217391 | R7: ='18_1'!P6 -> 64.057971 | S7: ='19_1'!P6 -> 65.507246
A8: cleveland | B8: ='1_1'!P7 -> 57.581921 | C8: ='2_1'!P7 -> 56.20904 | D8: ='3_1'!P7 -> 55.19209 | E8: ='4_1'!P7 -> 54.19209 | F8: ='5_1'!P7 -> 56.892655 | G8: ='6_1'!P7 -> 57.276836 | H8: ='8_1'!P7 -> 53.881356 | I8: ='9_1'!P7 -> 52.847458 | J8: ='10_1'!P7 -> 56.887006 | K8: ='11_1'!P7 -> 54.553672 | L8: ='12_1'!P7 -> 56.903955 | M8: ='13_1'!P7 -> 58.920904 | N8: ='14_1'!P7 -> 56.903955 | O8: ='15_1'!P7 -> 57.214689 | P8: ='16_1'!P7 -> 54.531073 | Q8: ='17_1'!P7 -> 53.531073 | R8: ='18_1'!P7 -> 56.887006 | S8: ='19_1'!P7 -> 57.225989
A9: contraceptive | B9: ='1_1'!P8 -> 51.459011 | C9: ='2_1'!P8 -> 49.216419 | D9: ='3_1'!P8 -> 48.674738 | E9: ='4_1'!P8 -> 51.325032 | F9: ='5_1'!P8 -> 48.53753 | G9: ='6_1'!P8 -> 52.478496 | H9: ='8_1'!P8 -> 51.663554 | I9: ='9_1'!P8 -> 50.036204 | J9: ='10_1'!P8 -> 51.460394 | K9: ='11_1'!P8 -> 52.818171 | L9: ='12_1'!P8 -> 49.421192 | M9: ='13_1'!P8 -> 50.985357 | N9: ='14_1'!P8 -> 51.933818 | O9: ='15_1'!P8 -> 46.231293 | P9: ='16_1'!P8 -> 52.747838 | Q9: ='17_1'!P8 -> 53.767785 | R9: ='18_1'!P8 -> 51.460394 | S9: ='19_1'!P8 -> 53.49729
A10: ecoli | B10: ='1_1'!P9 -> 76.514486 | C10: ='2_1'!P9 -> 76.808604 | D10: ='3_1'!P9 -> 77.102722 | E10: ='4_1'!P9 -> 73.823529 | F10: ='5_1'!P9 -> 77.405619 | G10: ='6_1'!P9 -> 79.482002 | H10: ='8_1'!P9 -> 75.908692 | I10: ='9_1'!P9 -> 77.39245 | J10: ='10_1'!P9 -> 78.283582 | K10: ='11_1'!P9 -> 75.021949 | L10: ='12_1'!P9 -> 74.420544 | M10: ='13_1'!P9 -> 77.093942 | N10: ='14_1'!P9 -> 78.58209 | O10: ='15_1'!P9 -> 73.226514 | P10: ='16_1'!P9 -> 76.804214 | Q10: ='17_1'!P9 -> 79.179104 | R10: ='18_1'!P9 -> 78.283582 | S10: ='19_1'!P9 -> 78.279192
A11: glass | B11: ='1_1'!P10 -> 62.624585 | C11: ='2_1'!P10 -> 63.111849 | D11: ='3_1'!P10 -> 64.518272 | E11: ='4_1'!P10 -> 67.275748 | F11: ='5_1'!P10 -> 60.76412 | G11: ='6_1'!P10 -> 65.902547 | H11: ='8_1'!P10 -> 62.613511 | I11: ='9_1'!P10 -> 60.299003 | J11: ='10_1'!P10 -> 64.994463 | K11: ='11_1'!P10 -> 65.426357 | L11: ='12_1'!P10 -> 64.48505 | M11: ='13_1'!P10 -> 63.078627 | N11: ='14_1'!P10 -> 67.30897 | O11: ='15_1'!P10 -> 63.554817 | P11: ='16_1'!P10 -> 64.496124 | Q11: ='17_1'!P10 -> 64.972315 | R11: ='18_1'!P10 -> 64.994463 | S11: ='19_1'!P10 -> 62.170543
A12: haberman | B12: ='1_1'!P11 -> 72.86092 | C12: ='2_1'!P11 -> 72.210471 | D12: ='3_1'!P11 -> 72.53834 | E12: ='4_1'!P11 -> 74.161819 | F12: ='5_1'!P11 -> 72.86092 | G12: ='6_1'!P11 -> 70.888419 | H12: ='8_1'!P11 -> 74.172396 | I12: ='9_1'!P11 -> 74.494976 | J12: ='10_1'!P11 -> 71.877314 | K12: ='11_1'!P11 -> 72.205182 | L12: ='12_1'!P11 -> 73.828662 | M12: ='13_1'!P11 -> 69.920677 | N12: ='14_1'!P11 -> 72.210471 | O12: ='15_1'!P11 -> 72.215759 | P12: ='16_1'!P11 -> 71.877314 | Q12: ='17_1'!P11 -> 72.205182 | R12: ='18_1'!P11 -> 71.877314 | S12: ='19_1'!P11 -> 69.931253
A13: hayes-roth | B13: ='1_1'!P12 -> 78.717949 | C13: ='2_1'!P12 -> 79.487179 | D13: ='3_1'!P12 -> 78.717949 | E13: ='4_1'!P12 -> 78.717949 | F13: ='5_1'!P12 -> 78.717949 | G13: ='6_1'!P12 -> 80.997151 | H13: ='8_1'!P12 -> 78.717949 | I13: ='9_1'!P12 -> 78.717949 | J13: ='10_1'!P12 -> 78.717949 | K13: ='11_1'!P12 -> 78.717949 | L13: ='12_1'!P12 -> 79.487179 | M13: ='13_1'!P12 -> 78.717949 | N13: ='14_1'!P12 -> 78.717949 | O13: ='15_1'!P12 -> 79.54416 | P13: ='16_1'!P12 -> 78.717949 | Q13: ='17_1'!P12 -> 78.717949 | R13: ='18_1'!P12 -> 78.717949 | S13: ='19_1'!P12 -> 78.717949
A14: ion | B14: ='1_1'!P13 -> 87.754527 | C14: ='2_1'!P13 -> 87.207243 | D14: ='3_1'!P13 -> 89.476861 | E14: ='4_1'!P13 -> 86.639839 | F14: ='5_1'!P13 -> 87.472837 | G14: ='6_1'!P13 -> 90.044266 | H14: ='8_1'!P13 -> 87.774648 | I14: ='9_1'!P13 -> 88.325956 | J14: ='10_1'!P13 -> 90.325956 | K14: ='11_1'!P13 -> 88.897384 | L14: ='12_1'!P13 -> 87.7666 | M14: ='13_1'!P13 -> 88.036217 | N14: ='14_1'!P13 -> 89.754527 | O14: ='15_1'!P13 -> 88.61167 | P14: ='16_1'!P13 -> 89.191147 | Q14: ='17_1'!P13 -> 88.040241 | R14: ='18_1'!P13 -> 90.325956 | S14: ='19_1'!P13 -> 88.040241
... A35: yeast | B35: ='1_1'!P34 -> 56.267176 | C35: ='2_1'!P34 -> 57.143052 | D35: ='3_1'!P34 -> 58.558559 | E35: ='4_1'!P34 -> 57.411275 | F35: ='5_1'!P34 -> 55.729138 | G35: ='6_1'!P34 -> 57.950905 | H35: ='8_1'!P34 -> 57.142142 | I35: ='9_1'!P34 -> 54.71517 | J35: ='10_1'!P34 -> 58.289881 | K35: ='11_1'!P34 -> 56.738102 | L35: ='12_1'!P34 -> 56.268996 | M35: ='13_1'!P34 -> 56.805897 | N35: ='14_1'!P34 -> 57.47998 | O35: ='15_1'!P34 -> 56.265584 | P35: ='16_1'!P34 -> 58.017791 | Q35: ='17_1'!P34 -> 56.806124 | R35: ='18_1'!P34 -> 58.289881 | S35: ='19_1'!P34 -> 57.412185
A37: Mean | B37: =AVERAGE(B3:B35) -> 79.200474 | C37: =AVERAGE(C3:C35) -> 79.104333 | D37: =AVERAGE(D3:D35) -> 77.862593 | E37: =AVERAGE(E3:E35) -> 79.100379 | F37: =AVERAGE(F3:F35) -> 79.095342 | G37: =AVERAGE(G3:G35) -> 79.777955 | H37: =AVERAGE(H3:H35) -> 78.792409 | I37: =AVERAGE(I3:I35) -> 78.842828 | ... S37: =AVERAGE(S3:S35) -> 79.249567
